time,feature_A,feature_B,target
0,12.146895519088229,0.9704541603607841,1
1,7.3835873801579766,0.4946544496690388,0
2,9.588430085291037,0.03748001397257345,0
3,10.564189963097103,1.0084114650181077,0
4,12.074121158169312,0.1160597186626654,0
5,13.447426186517164,0.9031970387142046,1
6,10.416269990474195,0.26112198606659254,0
7,7.227119455776098,0.9493950250724293,0
8,12.946683374280376,0.8313558416603284,1
9,8.811459523220687,1.1360083999335926,0
10,14.10838709703278,0.5435818746884086,1
11,13.581912595388031,0.3250470563176907,0
12,9.669764200373297,0.8424012059171005,0
13,10.050500260943483,0.7500843724206714,0
14,9.742561098462938,0.7604264416968938,0
15,8.888811548747574,0.6526797379407843,0
16,11.4539656186598,0.6544596934484106,0
17,13.34053441971668,0.6234804284286489,0
18,6.638210591424107,0.7151565092368175,0
19,12.186223244048898,0.5071176164346181,0
20,9.906530660483485,0.7853058812989369,0
21,8.634931721707272,0.7451888799315407,0
22,12.729879750132357,0.5166784166181613,0
23,13.177242051529513,1.1947479837466521,1
24,10.081946805004902,1.1461287525078123,0
25,11.706225472026766,1.0041656716424596,0
26,13.058848629840794,0.9375983061780578,1
27,13.817324218426636,0.5643278816002084,1
28,9.856888543350241,0.7094172825191157,0
29,10.110619446083998,1.043106682810719,0
30,11.384802708326697,0.6759177594274852,0
31,11.595413466109939,0.4955964942017578,0
32,11.694641128764612,0.46806281710497655,0
33,12.887889410286718,1.3652844196421245,1
34,8.271636585112708,0.7612560689438213,0
35,13.704791142325787,0.4818454669541037,0
36,11.97919319952165,1.2138041484795334,1
37,7.554216175393004,0.8314626518596238,0
38,10.36143085460586,0.7382581301748568,0
39,9.036592175326046,1.2028648029152906,0
40,10.710574189780152,1.215454359125526,0
41,10.999782198999917,1.0300734702374592,0
42,10.963963742968387,1.2282618718007137,0
43,11.71824337417228,0.6506955954709537,0
44,8.890964866612707,0.8274606891002985,0
45,7.807276847354262,0.584465628147477,0
46,12.660446159085284,1.0541029044255492,1
47,9.619087216164642,0.5868949039452461,0
48,9.976292258166012,0.7189443960966235,0
49,12.549808258860024,1.0426731652468018,1
50,11.550791150218625,0.8580009045960533,0
51,9.169121272298392,0.780461299321293,0
52,10.808802695741178,0.8317389489961136,0
53,12.035560126990209,0.8441052218600662,0
54,9.548069954841452,1.2461105943460073,0
55,11.604444239141696,1.2815526794784242,1
56,12.497606885740362,1.1254530699057028,1
57,8.563789103560543,0.9099309678975687,0
58,12.722315724785906,1.3485258606299864,1
59,7.736446092519245,0.8025498938738302,0
60,10.040466489071756,1.0353483742962548,0
61,10.787276260327527,1.265052480877115,0
62,12.637202113308772,0.6478456165224071,0
63,13.459789303595224,0.5856997469359171,0
64,11.785243363668032,1.4152731062881287,1
65,10.326322950590821,1.0897000417103457,0
66,6.635157614435978,1.0336574093361033,0
67,8.17050091601241,1.3301605158145522,0
68,12.450654843972295,0.8900624103498573,1
69,11.636370524351452,1.09619389086756,0
70,15.063381142596509,0.7503931769263846,1
71,9.159362904305752,0.401175251044167,0
72,11.574398430919022,0.6075010297947905,0
73,9.255840753781932,1.1961875965832687,0
74,7.145623179983853,0.9808417345819993,0
75,14.042588652217248,1.095833540761013,1
76,12.285777391174776,1.1360845265889574,1
77,8.944139613252894,0.7141583264451291,0
78,11.279607210729605,0.8352167440927052,0
79,6.7431023109046055,0.6378805145231022,0
80,13.409925403034457,0.296352926765636,0
81,8.10047054795393,1.2786155349156814,0
82,11.531069152529945,0.5850286223748338,0
83,12.997064222376974,0.8018828612150888,1
84,16.376652447939065,1.1351375098010055,1
85,10.26859067839023,1.0569236010983027,0
86,8.23578867660595,0.8472997861418579,0
87,9.688359005012307,0.498670226272169,0
88,13.800874711041285,0.6122812242636555,1
89,8.639139560683574,0.3130777356015053,0
90,9.691932464878116,1.1442360386753487,0
91,12.161153555739155,0.3298855676527025,0
92,14.783073536231631,0.8303849137726774,1
93,11.570181796221503,1.0480292666135034,0
94,13.891339493570383,0.6417573671166978,1
95,8.696251006420969,0.6637255022686046,0
96,12.807284191499182,1.0297060047772042,1
97,9.941970756365253,0.9022023760620831,0
98,11.418682670586238,0.7015266169946064,0
99,13.844988402232257,0.291373865964731,0
100,14.052783746749178,0.630706716745996,1
101,11.988370374893073,0.6590217727848292,0
102,11.59177764480741,0.559347963794733,0
103,14.169532912817035,0.04495787463238088,0
104,11.296457208653194,0.5239771404032549,0
105,11.418438518766386,0.04009513649936025,0
106,15.336292494265036,0.5085215894544579,1
107,5.668447667740477,0.06450190364746167,0
108,11.419619867464757,0.5340429178529261,0
109,13.018480474632272,0.5510295793387469,0
110,9.750538822064561,0.0030319831953627696,0
111,8.834376209147015,0.05215482161753565,0
112,8.150255139597729,0.05549576661464106,0
113,11.873788047381085,-0.016289160171719386,0
114,8.796215153916627,-0.07661232539680032,0
115,6.450597089600296,0.5239251220877639,0
116,10.694799507711254,0.5893469991845153,0
117,8.186848431267991,0.32428496569868454,0
118,11.599692916576057,0.046329952872917024,0
119,11.603275538459277,0.10354426647987985,0
120,13.881057079632544,0.5228235974246873,0
121,9.344122237196881,-0.3007261904213697,0
122,13.017368971698954,0.1829869000745255,0
123,10.054556810675669,0.1570976794861479,0
124,16.05858583296495,0.6234247412529048,1
125,12.395305414686499,-0.07796976591743837,0
126,14.162441767017567,0.22310768955620408,0
127,11.85023033493186,-0.3428833879826276,0
128,12.349209778477448,0.18431906945390125,0
129,7.344824916441867,0.48850727137315664,0
130,8.43201965999474,-0.3689347295444711,0
131,12.763190006672083,0.1366830559588758,0
132,9.788520117212808,0.11091289960583128,0
133,15.585820216040156,0.20820420590568706,1
134,12.116163871638948,0.38238142524762603,0
135,11.710922920985633,-0.3479733926180425,0
136,12.98758137294298,-0.11285564066339182,0
137,11.586664411309581,-0.2707992438591723,0
138,11.144049511317444,-0.43176712650376287,0
139,14.760868832886961,-0.04431507246140193,0
140,11.823129974087488,0.15750157089827327,0
141,11.739048070915429,-0.25462283998142216,0
142,12.167042636519964,0.21911666941312075,0
143,8.832504039987809,0.26694824591223143,0
144,13.201590877328371,0.3743625139452453,0
145,11.632731014694981,-0.1472318229574217,0
146,13.13619499856383,0.4977481009640593,0
147,10.923396940763869,-0.29745789262246614,0
148,8.825127155765307,0.261717594861395,0
149,11.43331961462886,0.05155760970285628,0
150,10.981468636867334,0.18407607836381146,0
151,11.228897012905819,0.35265873555271654,0
152,10.834356213852043,-0.2901465123973862,0
153,12.720870334492306,-0.20711009055054008,0
154,11.884575952251566,0.2791636633147509,0
155,11.484840824262237,0.18478143825531468,0
156,16.53573685039752,0.2807370790490373,1
157,8.898701229650346,0.37715308464171665,0
158,12.321207135552203,-0.1741716364874526,0
159,12.029724142551744,0.3232435380938504,0
160,13.017996202978546,0.08327382978981945,0
161,11.838421731026939,-0.07562255995975209,0
162,9.903879986721535,-0.16793794712368348,0
163,10.916454396078375,-0.17016291906246073,0
164,9.92555994217404,0.14282423536112193,0
165,14.772345542208072,-0.02341990563059765,0
166,12.028972582281842,0.2481862440558587,0
167,12.604682071439402,-0.1680321500517553,0
168,12.637222059531336,0.516454609889921,0
169,10.627116583521845,-0.17833322311255523,0
170,13.413054200954706,-0.03256469563536363,0
171,11.315986500197383,-0.09957522362869942,0
172,11.496798773678382,0.30463905046430156,0
173,12.219296153694495,0.3548519234990263,0
174,11.775379451540305,-0.17438467855584167,0
175,12.019437348737691,0.04566001847248313,0
176,13.020834959794126,0.12391622727000062,0
177,12.307978693876906,0.517380827059308,0
178,14.287238311319118,0.4416501594761734,1
179,9.511553526429157,0.23557790847842902,0
180,14.369226156000181,0.5599594678928634,1
181,13.030927113839358,0.7169109799473015,0
182,13.421707381778038,0.07482572502250401,0
183,13.9052477857864,0.6638905376506142,1
184,10.62276903312922,0.4094135356976508,0
185,15.401886607597259,0.4298319247433625,1
186,9.731582815622696,-0.1018302392838279,0
187,12.468843257925446,0.6355725969802848,0
188,9.211346550192982,0.3419881048437079,0
189,12.296635624605427,0.0055075079184695175,0
190,12.67263261917975,0.5870781132380885,0
191,14.553361595606358,0.38460212631927126,1
192,12.363822845360556,0.6365383979817113,0
193,9.907066508905455,0.5437214943601185,0
194,11.357825719017052,0.00403047432736621,0
195,15.01750059133275,0.10001412383630373,0
196,13.135253723914676,0.2537500002550328,0
197,13.209177659848086,-0.03782510776615451,0
198,13.510073217319555,0.4799891216824219,0
199,13.327572771945968,0.40272628218877465,0
200,14.322958216087674,0.05722744275225454,0
201,10.396845738722995,0.6822608965986122,0
202,14.764029210547285,0.05961684486348094,0
203,9.890651163927881,0.09904532576150776,0
204,13.336403598166296,0.12572336428052716,0
205,11.035516543704503,0.20358159751208998,0
206,12.496442939271716,0.8575870008049012,0
207,12.572745315659159,0.22807522992093127,0
208,12.474719698042033,0.9034196967944715,0
209,14.525819879169074,0.8861312545800765,1
210,9.94294274844901,0.9373332013634504,0
211,9.980569320849314,0.3201901563102082,0
212,13.355504546709724,0.5699927810893511,0
213,13.723967914548286,0.4389682746341548,0
214,12.37304183306704,0.24574428595077863,0
215,13.274042906662071,1.1608794178935136,1
216,8.780250311603048,1.0926345667729942,0
217,14.786134838479553,1.044061016773591,1
218,9.401348331629329,0.8911448413979959,0
219,12.890417477849075,0.4105743278853174,0
220,11.8584410355583,0.7586043232643633,0
221,13.337484504401814,1.1936063417642981,1
222,11.539951901655291,1.1894750349233765,1
223,14.541262159003963,1.1543690838030152,1
224,12.248269449132357,1.1956809915297897,1
225,12.530835569325747,0.36363388578622063,0
226,10.40951918521711,0.9076856228887129,0
227,11.287436691996723,0.6866082512084363,0
228,11.695957123684096,0.3893032071868375,0
229,10.117886497294982,1.0993319949381313,0
230,10.385417261318295,0.9321138427153666,0
231,11.011454111590398,0.8021137083130845,0
232,14.505222833278069,1.288604008397872,1
233,9.77412311135872,1.2917806710876696,0
234,10.441060858025418,0.7064652363714607,0
235,14.051899143108635,1.0816264718634239,1
236,10.289255246709821,1.108367931603658,0
237,12.4780684734217,0.773840937214465,0
238,9.70959870526351,0.8990182407753431,0
239,10.18205258695989,0.553409697822152,0
240,13.171957222476992,0.5767187648615788,0
241,13.300217736616924,0.7757450811134512,1
242,13.980529092735441,0.7600597001791964,1
243,13.202985803024639,0.6852770713924061,0
244,11.400197410048825,0.6594743789116839,0
245,13.569278652613885,0.6962434798034145,1
246,15.79808178815841,1.0939993765419023,1
247,12.213370544830594,1.4975119132326133,1
248,13.521761637936896,1.216147324008909,1
249,11.909691821887867,1.431709133180931,1
250,12.988834935472598,0.6325171009340131,0
251,14.484600153927461,1.3809277552069443,1
252,11.341971073107539,1.2525146956155022,1
253,13.028366643617243,0.6700340347325592,0
254,12.185107800257569,0.7953121090579907,0
255,15.96466099787757,0.9449382618004154,1
256,13.525661675529822,0.8604980499172199,1
257,11.456266094617968,0.8190273799577001,0
258,9.494689424591062,1.4588316935601822,0
259,11.239220911041512,0.8052812247086139,0
260,14.96666031785894,0.8664464833640597,1
261,11.376430268090388,0.5649717269625611,0
262,11.649526770664146,1.083588529027745,1
263,12.361538464230584,1.2404266598960882,1
264,11.18815776249387,1.2236202830633345,1
265,14.188521394295018,1.2195610649633812,1
266,14.08588509635834,0.924533426123308,1
267,8.280452201135098,0.4973413108431553,0
268,10.491354550246196,0.8928044195544286,0
269,12.222958814347388,0.7727372361165563,0
270,14.25006935688685,0.5376916810399516,1
271,11.687699681758694,1.0319386981445315,0
272,12.091934747800423,0.7158399420235326,0
273,15.73258821682392,0.6325741174041329,1
274,12.866494580901849,0.42939474604949074,0
275,13.08213785759818,1.0662931376883862,1
276,14.62259073336987,1.2408428008894767,1
277,14.221837507064173,0.9014364640902166,1
278,12.615685482876973,1.0903132323028437,1
279,10.032711356636215,0.3906810885899299,0
280,9.943566467689791,0.33243857163412627,0
281,11.748627870032385,0.441875975158738,0
282,12.901799642916014,1.1723530960092217,1
283,16.029126921590063,0.9346442729444349,1
284,13.629007104228515,1.15257100759714,1
285,14.357175781955695,1.1113033095698563,1
286,14.332451194966938,0.2382769506418047,0
287,12.617059786807129,0.46582316887529884,0
288,11.436645877085443,0.6296213009975784,0
289,13.783978177592363,0.5635459323061942,1
290,14.284985250831758,0.7151218442809066,1
291,11.717179867857844,0.6233132398546517,0
292,17.596416980645408,1.0552011185527452,1
293,13.355572383524121,0.5642157413177077,0
294,15.389147803440371,0.5546172280814393,1
295,9.618614743986402,1.073714949356379,0
296,14.988305804203431,0.632484643495214,1
297,13.516574480252306,0.9790670965390856,1
298,14.117032954125797,0.8645384108472514,1
299,10.196533521697273,0.16015099984446976,0
300,12.88269909410358,0.0840626183895022,0
301,15.549446950065564,0.488351279836914,1
302,13.4900983462391,0.3365425819671805,0
303,10.301455752447527,0.14908614408983656,0
304,17.23939464611357,0.4295389334187375,1
305,13.785335333421159,-0.06965209752955535,0
306,10.752359480475995,0.7141788191829779,0
307,14.470576800855484,0.4526283540332554,1
308,13.545196456366439,0.21018523862392008,0
309,11.35181417811185,0.29092372147167395,0
310,12.675103497300897,-0.02982004165226662,0
311,16.451440015046327,0.6742698682845948,1
312,14.966729241004803,-0.0778265290394905,0
313,12.366656690454633,0.39951388364124585,0
314,14.181133097384135,0.5259330301895879,1
315,11.857807731844595,0.3328773787447916,0
316,13.619948904246906,-0.2337405245180048,0
317,15.74677670895416,-0.2399248148468422,0
318,12.066217276609223,0.18154905585618653,0
319,13.517273054881928,0.7162154079318634,1
320,13.002045984856796,0.07402455853844209,0
321,14.202198984563921,0.08042677781142565,0
322,12.127753305346248,0.25930614042397193,0
323,11.700528726016243,0.37958030182837654,0
324,10.870617146817793,0.22913484274270524,0
325,14.54328929922703,-0.03129237913656058,0
326,10.507675010994394,0.3191040596231172,0
327,10.47151643073836,-0.15512739870974268,0
328,14.487639048486724,-0.19872836488399342,0
329,11.19653177765596,-0.3109143568718421,0
330,13.443561008728373,0.3172202572480899,0
331,9.877322741270039,-0.142334574867634,0
332,15.836035599199064,0.13379425288566565,1
333,15.161197317228744,0.5572568489261084,1
334,14.080561922317795,-0.31926415162283317,0
335,13.762027976899718,0.07673355348129546,0
336,11.08730121226462,-0.1298262906169259,0
337,15.735604705110148,0.47704382226908354,1
338,15.307827239163739,0.2374337919832017,1
339,14.870155396175551,0.3295792914482753,1
340,13.348423556084581,0.00821463503503872,0
341,15.802854420782356,-0.25935074112604717,0
342,11.141902317937701,0.31356013871149885,0
343,14.849287304805777,0.38395431504017236,1
344,16.72411055399117,0.1487662597671368,1
345,14.167311970955794,0.008144251604665587,0
346,15.470446407023871,-0.23447940597795575,0
347,14.428739609568584,-0.3202580392123371,0
348,14.65584238548227,0.08520875601970163,0
349,13.962344893097852,0.47730371083633993,1
350,14.722657953555991,-0.3225889205298854,0
351,17.05668631108245,0.13629800350045151,1
352,14.777317339853706,-0.451553281731108,0
353,16.583402519408835,-0.18012667581684788,1
354,15.258995937339009,-0.026174307762569016,0
355,13.016681621179659,-0.43193618248711524,0
356,11.955479338000703,0.11750847920491192,0
357,14.000136876678257,0.4651190906462555,0
358,12.977090089819717,0.47624919752610045,0
359,13.90880168402055,0.061246269623029315,0
360,12.582079778785463,-0.28293884587818213,0
361,12.387907047508026,0.052174259948423674,0
362,11.570173724061787,0.3835640578653185,0
363,13.852666107015693,-0.12328469074914283,0
364,17.21783586307344,-0.3368843491035233,0
365,15.989384233034132,0.26659776987857503,1
366,14.681476870575686,-0.053495982159457056,0
367,14.584382556216571,-0.3576593557255936,0
368,13.070832353389912,0.2984741345193536,0
369,13.460882395320338,0.5207458020042853,0
370,9.901669293942302,-0.38470903098622655,0
371,13.206821277607585,-0.3630808418759604,0
372,11.951305037976189,-0.1715456065921077,0
373,13.178884910534094,0.42663042008182533,0
374,13.702838008202109,0.5541387382016635,1
375,13.63201712780226,0.592410531975528,1
376,13.98249712462557,-0.33362880788183213,0
377,11.283141155804685,-0.26306178255909185,0
378,15.612846794262055,0.14591395054109324,1
379,16.760199502108392,-0.23063386468597552,0
380,17.82937628954459,0.41802871864459806,1
381,12.713411614946382,0.6111449337021428,0
382,12.698097587967316,-0.1455888856942668,0
383,14.888768653802329,0.4961941428947064,1
384,13.557900609792172,-0.09460266825162655,0
385,14.785305164869737,-0.15924542069952613,0
386,14.137054832777117,-0.17858695983079412,0
387,15.341428499713146,0.7183921441278254,1
388,13.519880541584989,0.4681205237004272,0
389,12.082749916091219,0.15063780940159618,0
390,15.62986135954752,0.5922867057073112,1
391,13.860564555935571,0.16618767487401218,0
392,13.364455638443134,0.49126226471539064,0
393,12.877809005530496,0.7376224678924064,0
394,13.028487833964574,0.4795445769096544,0
395,14.187055638868625,0.5499637571304465,1
396,13.775834268678096,0.7827553152564605,1
397,16.95531488842836,0.27430798318557437,1
398,13.88370104309132,0.159455231296285,0
399,9.857876505689472,0.4811105182679161,0
400,12.765373274815271,0.9091697317734849,1
401,15.229969079308708,0.1575643709183634,0
402,14.324632964537031,0.6940884963830535,1
403,11.041805493136739,0.7489867051204102,0
404,15.890349641826365,0.30124906375222776,1
405,9.270408468570489,1.0647109361976845,0
406,11.768297835538405,1.0733243346985417,1
407,13.834773929570375,0.7263027926931144,1
408,13.977741381669471,0.3729189543766648,0
409,9.169185360773291,1.0692869796322668,0
410,13.99463548447707,0.19868071156269604,0
411,11.597812448909572,0.6654357787105746,0
412,13.084829524692541,0.982948488799535,1
413,11.682489227902263,0.7605165070693574,0
414,12.25628343176879,1.1766766426798245,1
415,12.152761400823326,0.5970545678165715,0
416,15.56133380502206,1.224146133050186,1
417,15.298682210444596,0.7262062518078518,1
418,14.433947022718593,0.6365162387589776,1
419,14.725613056122768,0.7466696906667505,1
420,12.715040640143933,1.016942327926598,1
421,14.61309017730099,0.7668547732902227,1
422,12.96464356632432,1.2002724652593608,1
423,14.592373760945003,0.563002130768,1
424,15.95598673517804,0.5817641804379114,1
425,14.720951686511762,1.3075506782063981,1
426,14.901135806841626,0.8682949079500424,1
427,15.923631041921979,0.8232374812846451,1
428,17.017275816069176,0.8370649541618393,1
429,17.042984450573098,1.1656186897518939,1
430,11.569837253422161,0.817106215359042,0
431,15.879160261098919,0.660403296569591,1
432,15.90811163640927,0.9463058635980326,1
433,16.408169403089335,0.9580737323645823,1
434,14.158702193883933,1.1478163307539315,1
435,15.520879503574204,0.5405345013961305,1
436,16.426589026267717,0.517968073094399,1
437,14.15595271285903,0.7496624367235041,1
438,15.663264868101187,1.4125035976789118,1
439,15.860946270114052,0.7190507800260618,1
440,12.310962361598943,1.1953475001789948,1
441,12.13166972557843,1.3458775264978708,1
442,15.416944180190564,1.0103608737226693,1
443,13.760976744242386,0.7652395916824436,1
444,15.130853979008837,1.347029871879376,1
445,14.304543062960814,0.49398921523840256,0
446,16.276148581063055,0.9566302686899435,1
447,13.510511171817548,1.2102922015849733,1
448,15.478772977217776,0.5881151223462694,1
449,17.304276587469484,0.7472174754865939,1
450,14.94136136808205,0.9959406088955325,1
451,15.570853700257226,0.6024581493118522,1
452,10.707026014115264,1.1279095121168972,0
453,11.028245918865483,1.0827132999062092,0
454,17.141100027841137,1.1923161338281472,1
455,16.706186722336025,1.048688922466868,1
456,17.396242256274228,0.6208938767134249,1
457,16.582124523819676,1.3892109589231976,1
458,13.161695775762388,1.0203699345350865,1
459,15.53435089986186,0.8413346688869847,1
460,13.432393869899524,0.7771645421372455,1
461,14.622281279902989,0.9013569915306379,1
462,14.168620697791546,0.9446369079142762,1
463,18.983921455940564,1.1122009421632548,1
464,12.759537885146099,1.0626495762215795,1
465,15.746570051831979,1.3542135970490075,1
466,15.05650070375348,0.7499534625989468,1
467,12.77302529170082,1.1950871642036174,1
468,12.121286552661003,0.946301173271306,1
469,14.497789279684095,0.41833525348939316,0
470,14.260468697952696,1.024873159961124,1
471,16.68100531052577,1.2000935794314218,1
472,15.041003265851131,1.2371020926073684,1
473,15.693054682501272,0.9296096304063574,1
474,13.103081308422507,1.2441654874829577,1
475,16.84876718935006,0.6350490602664562,1
476,14.14295511400098,0.9283798608042252,1
477,15.593359781762882,0.6364245570028928,1
478,13.303143969425324,0.33986218902540777,0
479,14.694718820640158,0.9801180164345284,1
480,18.113700856026863,0.3925314335146775,1
481,14.728487103041308,0.8166117493791136,1
482,16.636805392956198,0.8117016229783196,1
483,14.789734889770738,0.9089284064683818,1
484,17.67457440997414,0.5422604387982104,1
485,17.791391607187155,0.9350414148029904,1
486,16.294627504786344,0.5059024486743413,1
487,13.624951468093162,0.6874948526411879,1
488,10.598403395424487,0.37920659072425855,0
489,13.11256306929122,0.2027982212908467,0
490,19.08589567681915,0.33479101976219566,1
491,10.339065037502788,0.46716658457554106,0
492,17.092002070662353,0.6331589826114854,1
493,14.750708310432975,0.6607979788048007,1
494,16.71320433028629,1.0690730441115521,1
495,15.991864633817908,0.1981513053126816,1
496,15.56693032977945,0.2207417230778928,1
497,12.625449105630661,0.4742836136233835,0
498,11.792205705207142,0.11018208359363166,0
499,16.143945923077247,0.4126169812800068,1
500,17.576188458505975,0.13069227856541263,1
501,14.670974778177504,0.3109928034567229,1
502,15.491538073769153,0.7458110232958385,1
503,12.937140731241415,0.1748854535907565,0
504,13.266195907291305,0.13009915865032473,0
505,16.085144859561407,0.07536159913214314,1
506,13.963100896521093,0.5925757303834753,1
507,15.581740687728555,0.025727748160037867,0
508,14.753822471350531,0.2471781089542548,0
509,14.741107317786634,0.33360990041907557,1
510,18.000141123779446,0.640634778521338,1
511,13.44562645756151,-0.12127087297230962,0
512,18.121817003493952,0.6803808873200861,1
513,15.6657135691969,-0.13553647806145772,0
514,16.847524413064892,0.2687484510700492,1
515,15.152498216412301,0.1522276789842627,0
516,12.696354895916002,-0.21782779645914813,0
517,15.775430150562721,0.3575219146911605,1
518,17.119858638002977,0.07488441811438101,1
519,16.137715283113685,0.5839845408221364,1
520,13.80557088283722,0.621576057546035,1
521,15.934648883437522,0.046307241335643345,0
522,15.355479354885553,0.008101030331858883,0
523,13.027837290959424,-0.1508725360253817,0
524,13.932295644164386,-0.18512187530233776,0
525,14.55643158023493,-0.10191669339696063,0
526,15.792782920511272,-0.2241235223005303,0
527,16.30615683949814,0.3815032521668941,1
528,14.385964095654199,0.13912349796396983,0
529,13.21487962957295,0.4936810531209758,0
530,14.047534425895854,0.27287941261974247,0
531,13.1903729647484,-0.13106413188495097,0
532,15.677300650468297,0.06336646958033032,0
533,15.787950564158239,-0.07784001141990998,0
534,17.577425110534598,0.5515892178507269,1
535,13.239105016270784,0.17207236102708107,0
536,16.17317797389564,0.5440722505616937,1
537,15.015573822653998,0.5403540242718399,1
538,12.946436380414575,0.5218912232399869,0
539,14.994211158125605,0.43837371770130157,1
540,16.44599871526972,0.40881246850521735,1
541,16.221886726103005,-0.37685620426763167,0
542,17.002249239034597,-0.32361758406110375,0
543,13.586645071382947,-0.4041119567666627,0
544,18.478564808176095,-0.039267025460885674,1
545,11.374758203095826,0.4286890543180657,0
546,15.08374147967508,-0.11497506886088754,0
547,13.924210336034669,-0.1380359054227125,0
548,13.037194833107591,-0.09805472898174566,0
549,16.402957726202587,-0.4900086806696075,0
550,14.754658724750838,0.4071176329062002,1
551,17.25855278087325,-0.30102565025207917,1
552,15.90152851188304,-0.35926877327357176,0
553,17.40156926037062,-0.11441321870628801,1
554,17.706923247319462,0.3546120892862168,1
555,15.246465871102288,-0.19111207567909788,0
556,16.665108503488078,-0.01954871683370213,1
557,15.888704673614267,-0.21640717095040674,0
558,17.243670514354363,-0.3841345018889302,0
559,13.512700761729866,0.4731470993484768,0
560,15.66247923959397,0.47129768665823996,1
561,16.530410553474532,0.15981144913404666,1
562,14.058833924059488,0.08423648093119573,0
563,13.497119239374122,0.14127876928663735,0
564,15.953142993781821,-0.1993993113491746,0
565,15.206906930586982,0.4036877438202099,1
566,17.308992205222395,0.16509061147657494,1
567,18.017434024963208,0.2453932785896336,1
568,17.34874962370801,0.13995853093364702,1
569,18.15950896330837,0.04477186971957536,1
570,16.194688731646238,0.04932453085162092,1
571,15.76595632329316,0.08420402631121016,1
572,16.525369581063025,-0.2042593802653686,0
573,14.895317554188875,0.13365150664257325,0
574,12.789981335157568,0.6222312023841523,0
575,17.317480926685406,0.19926702706129423,1
576,16.083954134952172,-0.030850806992354707,1
577,15.155874514621097,-0.12789974837489182,0
578,15.00235471209211,0.6294621124071205,1
579,16.484768455902202,0.169695406955354,1
580,17.644341945553013,0.23018051320939786,1
581,14.17567164329377,0.28679716019876944,0
582,16.44226539053642,0.5807539005897724,1
583,17.106691230152062,0.36530473233459937,1
584,17.946712926283745,0.22321862958648764,1
585,18.89903459365666,0.7285615769479297,1
586,16.851357193594243,0.6029912141457151,1
587,15.148749753892584,0.5022211507849175,1
588,19.44823347226974,0.579783680506094,1
589,15.934719561196989,0.5865868269783077,1
590,16.59551922603579,0.3948160882360531,1
591,14.047123192442209,0.7440806698342134,1
592,14.087585964423463,0.7513386481135512,1
593,15.280275028494682,0.02621955183448446,0
594,17.536480314030495,0.41761915564914814,1
595,15.256232266303002,0.5077617058962581,1
596,13.93854197177983,0.6326116331789488,1
597,13.862445720231932,0.18757989488447505,0
598,14.10387725028949,0.7592092087538986,1
599,18.328739143756664,0.8403686718284835,1
600,16.306018396869494,0.7608072342843458,1
601,18.663792775208876,0.11765703482670374,1
602,12.724185644342406,0.6897775684451645,0
603,10.908080639607213,0.4378394025247836,0
604,13.929040572944935,0.1323642426860891,0
605,13.195097251357534,0.29360804313412736,0
606,14.93121737772629,0.39105446386788956,1
607,17.9957413405822,0.4508144968207577,1
608,19.790424009966443,0.2275323873179718,1
609,21.671116634799795,0.847760038254379,1
610,17.574523223485187,0.7538376724905224,1
611,15.73750362201454,0.642721331380104,1
612,19.92448223586469,0.6661691306300369,1
613,19.277723773702554,1.0143388911032798,1
614,17.581926807787013,0.5204714694904589,1
615,16.779282718566648,0.3510810049560725,1
616,16.604876260107304,0.2503645639868264,1
617,17.680353570278058,0.38375692684206886,1
618,16.938145356259767,0.889658788140146,1
619,14.266822963818061,1.0789854121840046,1
620,18.321472348746067,0.6342479654133801,1
621,14.467690296527696,1.2928887025395073,1
622,17.68412567459929,0.8738801179416121,1
623,14.445926727731704,1.2912488027939166,1
624,8.600702934422609,0.8775966830177421,0
625,18.100938248578103,0.6219348946709622,1
626,14.515060655872258,0.7654047019646448,1
627,18.462518842465308,0.9464832823507108,1
628,15.216014351439295,0.5960831249112568,1
629,16.858266473891383,0.5484606966730038,1
630,16.466927438375883,0.742866619937038,1
631,13.575495827677319,1.3857369396637549,1
632,14.49198331716868,1.3724092017343725,1
633,16.656308446669144,1.0405403224817202,1
634,18.65018060198083,1.3574065988587147,1
635,16.65846261534082,1.1366501706056105,1
636,14.78978600278236,0.6170340718900056,1
637,19.43000754312863,0.8721542003956964,1
638,16.91415362655179,1.1777097375119028,1
639,17.851150856350714,0.7521444334778533,1
640,17.904693683585855,0.4894062794289162,1
641,19.77154618585559,0.48961787120126066,1
642,14.937836411695185,1.2418607588765656,1
643,14.647830557681992,0.5407405344438405,1
644,15.944936741340879,0.7122590693232264,1
645,17.47956822916324,0.6850896543777679,1
646,17.916401417395083,1.365313514838504,1
647,16.322661301886882,1.1487227188353515,1
648,12.147314450127634,0.9071658548577464,0
649,18.57543972359471,1.0013942533597724,1
650,13.76486723411602,0.787700943839945,1
651,14.632216779581572,0.5644556507357734,1
652,16.10938684253318,1.1460429339464302,1
653,16.904120079411598,1.156647746760859,1
654,16.092349605417485,0.8512235846128153,1
655,16.1751423211776,0.7948921769460632,1
656,14.405421468245523,0.5848495677576373,1
657,17.065064746115727,1.411901257547207,1
658,15.962819214276289,1.4222906534272952,1
659,16.84166262096818,1.395071090953925,1
660,15.954544503605458,1.1954186935040516,1
661,19.016879009304006,0.98043187827741,1
662,18.51017075151903,1.3525346446168025,1
663,14.625157655999214,0.7621121816453431,1
664,18.743168684763656,0.647859706082892,1
665,12.799881229912957,0.7122988418382734,0
666,18.141521141796648,0.6452784129952578,1
667,18.96435766044894,1.0291513747974643,1
668,15.90344490633442,0.9622482111013144,1
669,17.554533643159687,1.24433114185879,1
670,19.831627442300064,0.6666960007663931,1
671,14.95345858426045,1.2413913113103234,1
672,18.01137467790014,0.8903263829792059,1
673,15.309515851653918,0.905371296045071,1
674,16.862733117696774,0.8222184304498117,1
675,17.69324635259829,0.7636822036302604,1
676,15.195268621570492,0.7223083897611644,1
677,16.757176712489247,0.952529710852205,1
678,19.621885254707845,0.8206521917739826,1
679,17.929837833896126,0.32756318451252725,1
680,15.953577314868916,0.8517939728456978,1
681,15.320678079640796,0.8062661649718981,1
682,18.5045080226433,0.8996095469418657,1
683,15.05212184639618,0.2772564232478412,1
684,20.167084455863392,0.7076579121458855,1
685,14.12796092702742,0.30641487042317117,0
686,15.902766586958265,1.0310565447159246,1
687,17.67701223318854,0.4586481085510066,1
688,13.793506458909842,0.5293878451705499,0
689,15.755220641334002,0.640483032219319,1
690,16.76811282018955,1.0947938635550885,1
691,11.61445723928944,0.5988708998470161,0
692,19.54227211452816,1.0809107730754093,1
693,17.280045098806674,0.3820568589289354,1
694,16.165089472946416,0.2532424413224018,1
695,18.514725145137096,0.5123214509270775,1
696,17.413010725888398,1.028746039939788,1
697,14.660745015257277,0.7736095276267992,1
698,17.753843893080052,0.7964028185294892,1
699,12.90741545249169,0.7410704130864953,0
700,14.627269045542196,0.2753900920393234,0
701,19.22873153113826,0.1110735360365835,1
702,16.722079030592866,0.669362859463203,1
703,16.24115925881404,0.7639701749923155,1
704,17.26764885672601,0.6100557323600235,1
705,16.482611763481135,0.32182336159575253,1
706,14.885171395358688,0.643861161819428,1
707,15.373565521132873,0.6754293803262318,1
708,16.025896982503426,0.8255660105515732,1
709,16.67315271594154,-0.07082905387307553,1
710,17.177552508931633,0.08997539370533542,1
711,19.892473272399158,0.6952465195448732,1
712,17.876124760841336,0.18374950811254404,1
713,17.558310160858998,-0.1446149447253283,1
714,20.426153285123586,0.022884321613799802,1
715,17.947877417639873,-0.021247270746378583,1
716,20.18824157668257,0.004552365079873166,1
717,13.713147898598171,0.21057359064616016,0
718,16.57606315402663,0.4674223175458849,1
719,14.76897597733059,0.428355927436331,1
720,20.171109855444296,0.5827529109771707,1
721,17.91575752022171,-0.2686895932560536,1
722,17.76513247371955,0.5302760120019203,1
723,20.41671958762198,0.2420601940771851,1
724,16.965405257822475,0.5280758893095705,1
725,15.836268570954052,0.05503711879033413,1
726,18.75096212231793,0.1933168632558543,1
727,17.1153841173585,0.035236103123341855,1
728,13.051445563390779,0.4226386787355088,0
729,17.292537777953108,0.18544869512267304,1
730,13.600885049055844,0.2442758257466917,0
731,18.041935685873298,0.4599328770036406,1
732,16.634996748823728,-0.18253274571066652,1
733,16.47745582218743,-0.37687383543343417,0
734,15.064884441689607,-0.10287124252995061,0
735,15.027686309371052,-0.005144826241438694,0
736,16.30783314712533,0.503131042579837,1
737,17.382139449436448,-0.2949263331586862,1
738,18.323325222508295,-0.2571984977670508,1
739,16.58833715128465,-0.13695656788637356,0
740,15.55460133563532,0.3477468706045365,1
741,14.361945483815557,0.4427781836807424,1
742,14.488026259500414,-0.09804523203268611,0
743,14.509090487660888,-0.01961564912144592,0
744,18.398152163883047,0.5035503730839681,1
745,15.834627770413537,0.417615184291651,1
746,17.101590527529627,0.06319276894538761,1
747,16.136215047498666,0.4959359106987643,1
748,16.70338181141151,-0.05471246613275421,1
749,20.847261428767062,0.480221716215897,1
750,14.505800553350861,-0.003322252027327277,0
751,16.823169910822266,-0.10644838209253682,1
752,20.71827585734018,0.4375612171637283,1
753,16.635916197601425,0.18706558398870837,1
754,16.66204896793525,-0.45525709970060635,0
755,19.89575100066666,0.10730163100777101,1
756,14.345754223475735,-0.21537289112730046,0
757,18.003954494195007,-0.0354041265779349,1
758,13.219609996905923,0.40146307818948224,0
759,13.49113578079717,0.33415158043366816,0
760,15.729456718191553,0.5156901806708514,1
761,15.617761686741705,-0.2193454900742544,0
762,18.352917912598297,0.5200401648696968,1
763,19.02561997050859,-0.1023807048291765,1
764,19.106798481289808,-0.3504260338028673,1
765,16.943941568608913,-0.24795421602101847,0
766,17.502646734085264,0.5479021239166307,1
767,13.751830987310404,0.03369303009671276,0
768,21.92215230427975,0.25946595187764315,1
769,17.471730128275546,-0.22626190837137122,1
770,17.434992840027892,0.07735927699227069,1
771,17.386013066354135,0.08714959092928798,1
772,19.75720240534928,-0.3524210249893291,1
773,18.687633996030296,-0.37186744288699214,1
774,17.682087928925363,0.35990930211970834,1
775,17.377803242115846,-0.05714098114483335,1
776,14.295926318689338,0.6010386037223678,1
777,18.064406438801957,-0.21306275997638485,1
778,16.911269276930927,-0.21440950676534565,1
779,16.61492995939915,-0.26701144957391326,0
780,19.391070594527125,-0.15371997587986158,1
781,18.907489622565496,0.2885875045521938,1
782,14.867319857279242,-0.09071473324583784,0
783,18.500346547593296,0.5195217076527617,1
784,19.386023104116212,0.7303634526025555,1
785,20.800047675972184,0.02770604428444884,1
786,19.046491898987394,0.2781291306196815,1
787,18.504539767547865,0.4809654913770125,1
788,16.981179469269566,0.7165081891651282,1
789,20.841004141277637,0.03228336972720253,1
790,15.846514649480865,0.4331868968421858,1
791,17.009251023539054,0.24665978678117204,1
792,20.280418499373667,0.5891250651386312,1
793,17.61387199019902,0.8380544304984295,1
794,15.327053188368396,0.7608011174011929,1
795,22.469772311197065,0.8223772724241907,1
796,20.241904231668812,0.8377334948025272,1
797,18.732882689408214,0.22050727569008866,1
798,20.143074075746952,0.8999165084265568,1
799,15.485517430514964,0.5331673538673017,1
800,19.97639280757847,0.2478006543103463,1
801,19.166349128682725,0.45250889193883315,1
802,20.157680218688334,0.3641769199950476,1
803,16.112933593627282,0.9977610844575255,1
804,18.963951401039644,0.692336072694271,1
805,17.39279357890566,0.5515491430843942,1
806,19.370936954655136,0.4496023991220499,1
807,17.003005697799868,0.8897401369883177,1
808,20.364446288316653,0.14157543838984635,1
809,16.16367107345718,0.5131013296310672,1
810,17.399159673661927,0.865798196882705,1
811,15.979304660912177,1.1337674382536536,1
812,18.56354683796088,0.1934707471721978,1
813,19.70653989708748,0.29060498171872307,1
814,16.18335879704847,0.5514472835566516,1
815,19.634388780999583,0.7353188665185675,1
816,18.95289639846923,0.7312203316872393,1
817,23.024535970059965,1.102861368750531,1
818,19.990371414846173,0.6374252377685755,1
819,18.892363591197906,0.9139137020209311,1
820,19.04815792477134,1.0077972458537527,1
821,17.439073695573498,0.6444782992005494,1
822,16.076250933976755,0.330903906488748,1
823,18.858842139187495,0.8993168895715326,1
824,17.656962993165052,0.7710142406930651,1
825,16.322959792896548,1.2013341968546443,1
826,18.222641312228806,0.9265591537014444,1
827,22.35778171643242,1.294417846521488,1
828,14.442934490224706,0.7039619075865261,1
829,19.10583474021569,1.1968775235884626,1
830,16.396089212995996,0.9004162918381823,1
831,16.34096808674451,0.5074035245281434,1
832,16.763342386759504,0.8776727897075753,1
833,18.23799040304398,0.7752997644507971,1
834,16.57759861222852,0.654217254099051,1
835,19.35500038192542,0.8125826655054664,1
836,18.265014145948925,0.6787888160882964,1
837,20.94816370588715,0.8450437652180585,1
838,19.36502730601662,1.1158883582647614,1
839,17.576932544860945,0.702974903382749,1
840,21.118749822510615,0.6932339068168598,1
841,19.979906306862013,0.948412038525354,1
842,19.35545143324493,1.2107959521941698,1
843,19.790030582798778,1.1540791877120535,1
844,19.01700423164788,0.523737373736692,1
845,16.20461561828155,1.058228066712076,1
846,18.787299246206956,1.29120354897437,1
847,18.26281757493526,1.267049148851886,1
848,17.802463067232456,0.5153788321308594,1
849,21.456030884459103,0.6365943677318362,1
850,19.261512779775657,1.2745133128312673,1
851,19.437527120065873,1.4523204651076957,1
852,21.91181242762812,1.462046052069307,1
853,17.453475376908997,1.182302689844322,1
854,17.78794906831672,0.8967190106797815,1
855,19.370749055561255,1.445832834726174,1
856,18.065196567291565,0.690443778542591,1
857,19.502803431268692,1.0257169997774027,1
858,21.92849896528297,1.0324957908208972,1
859,21.160840235777492,1.1148044303231888,1
860,22.103036013586966,1.290089963525427,1
861,15.584333431404152,0.5780079263200543,1
862,16.744106434917548,1.0615643148879192,1
863,19.35543033054751,0.5112569048183347,1
864,20.84277127100868,0.9868180937262973,1
865,18.163103193597678,0.498770036370698,1
866,15.999981753185143,0.9130003171218493,1
867,16.174212672046124,0.9207258261627431,1
868,18.02382262219996,0.6106249230147618,1
869,22.0713297109369,1.1912640541638875,1
870,16.681269517861217,0.6086211921360652,1
871,18.396663286759114,1.2098739350028889,1
872,16.85785010773521,1.249917877414755,1
873,19.04351908877294,1.3714570742401189,1
874,22.73614861539844,0.8053457873022783,1
875,18.11660437643233,1.0679754523978275,1
876,17.890475519390034,1.1963366840300036,1
877,15.570093697369051,0.5244878948923546,1
878,18.231018271391846,0.7337161153763072,1
879,19.51730233583158,1.0062363864248536,1
880,18.45299090610229,1.1722466198623986,1
881,19.16640950824609,1.0788102055742068,1
882,17.903032047723805,1.0646720264780432,1
883,22.398805367601227,0.8870605269366607,1
884,17.740585934027674,0.8661287458978021,1
885,18.399481882236415,0.7029870981766955,1
886,19.36247268740291,1.0199324073527265,1
887,17.61904641703876,0.8011528435681411,1
888,19.141752637365897,0.9672146370007838,1
889,21.29610481378627,0.6769076953707799,1
890,20.214560219418974,0.205964520689824,1
891,18.58202645943814,0.7469601597035331,1
892,22.914773941999588,0.9058789286919962,1
893,19.83151753683539,0.3440819940074448,1
894,17.6844666371543,0.4859532067342176,1
895,19.87090765154854,0.34366860917463443,1
896,14.756190491666683,0.7107813588808166,1
897,16.582759431454612,0.5688127120195987,1
898,17.84057960813901,0.2409135834618319,1
899,18.63812849903183,0.07251819847223707,1
900,22.530543591402516,0.5129156926850802,1
901,19.08712662192463,0.5083161875647739,1
902,14.901303045642198,0.47612274881652283,1
903,20.132030788932795,0.43089593860394,1
904,19.45857814620397,0.40559370600074984,1
905,18.669216755256155,0.2510450432432104,1
906,17.876058782824472,-0.08443130352373965,1
907,17.777101838602228,0.5497715999343294,1
908,17.02415936716364,0.3323908813943383,1
909,21.60570337149714,0.4768625778878538,1
910,16.372734155361723,0.6533030395866924,1
911,17.911628722359147,0.17714527442620792,1
912,19.89575260952782,0.5007840507428833,1
913,18.836948033873135,-0.15687049443028947,1
914,19.846297722388975,-0.017502498156044294,1
915,18.809865290839483,0.09790498755616547,1
916,20.071226438296662,0.32243975382621215,1
917,17.674577236878946,-0.21367319021336734,1
918,19.35917276954324,-0.11541429646746776,1
919,19.726901518151053,-0.17465118696092197,1
920,21.30130412362891,-0.102511678571371,1
921,17.82991725153902,0.5960832859556253,1
922,19.536259798501966,-0.20705656362811348,1
923,15.934770185878266,-0.19955186412586018,0
924,17.6520475683715,0.25662095157688586,1
925,21.18560896417931,0.031196395921979148,1
926,19.82762994419901,-0.25556329430783575,1
927,19.976625427639142,0.05459677955302095,1
928,21.2344384734494,0.09147467044324642,1
929,19.49805667973963,0.2297626164654164,1
930,16.79329191345284,0.3466076127669825,1
931,19.506559089704915,-0.007559488422954286,1
932,19.575458590884146,-0.3993151105083857,1
933,21.836312008959766,-0.18692155387089626,1
934,19.545026810618857,0.17839986603986963,1
935,21.376704624644233,0.07670233916602759,1
936,18.050080358196393,-0.19421236165004319,1
937,22.062552101040126,-0.11294671681738055,1
938,18.663715726247943,0.38550449875903003,1
939,21.707423269809432,0.27925759613295953,1
940,18.05178544853547,-0.12749466197845483,1
941,24.020635469982,0.08049472648271616,1
942,17.66490026548936,-0.08407355255589483,1
943,20.843541255375186,0.15662848464664458,1
944,20.053856232648045,-0.03927265531308893,1
945,20.36044676523416,-0.18534599836797028,1
946,18.139165851271965,0.25947487488064436,1
947,20.892524004054387,-0.16569987682030818,1
948,16.36041999909456,0.3478598668978808,1
949,16.24847662472976,0.10006915475327471,0
950,20.634168181321634,-0.3413444467659832,1
951,22.510552174903502,-0.25959809679922363,1
952,20.755403098468786,-0.4609342078223345,1
953,16.955233143354874,0.30089605458439844,1
954,18.32355578666069,-0.3846161974159294,1
955,19.710903206748497,0.4278959195889485,1
956,21.59752438361422,-0.4640715058653428,1
957,19.85113308388423,-0.3716646426112336,1
958,21.113676495497018,0.022154782884516777,1
959,23.43618677958526,-0.16983808979097553,1
960,20.572107381022512,0.30509942466671996,1
961,20.690167393536335,0.08074004257864453,1
962,15.72132793434942,0.13488386607172742,1
963,18.192339833674446,-0.323992347168415,1
964,19.84622815839316,0.25252767053751574,1
965,18.33771627009756,0.5049033043050992,1
966,19.367904972209075,-0.1022526093219524,1
967,23.420907795040872,-0.08928956645666547,1
968,20.6686302399224,0.3574958377425274,1
969,18.687875899251456,0.39001185310855035,1
970,13.932685648812422,-0.3215949286557855,0
971,22.329723520262725,0.2203307255932645,1
972,17.50534473705916,0.4960780130865893,1
973,19.36284347946904,0.08606654928999036,1
974,19.771357211267798,-0.3565295254292541,1
975,19.763049907609435,0.24382564279745783,1
976,15.883789650959784,0.6335570444451708,1
977,21.6755199364151,-0.09540968445021575,1
978,22.877882542236016,0.03283353410519818,1
979,22.026107666733267,-0.0922582144055133,1
980,20.1397463567015,0.05155989506389119,1
981,17.964965164798272,0.215566127282113,1
982,19.688485941060996,0.23342238487850336,1
983,20.920614906387627,0.40453543430567074,1
984,23.634285345953103,0.5565355573846701,1
985,17.797259416371503,0.35406744537762846,1
986,21.324060272064155,0.7434408483219614,1
987,18.054291118109866,0.5541496771650998,1
988,19.662917725442995,0.3807488296767918,1
989,20.912876895624812,0.2849469524905352,1
990,19.549461011451662,0.13957199320884345,1
991,21.356526646667042,-0.0362369978513572,1
992,21.295994018967924,0.672948628768143,1
993,17.698170364766213,0.29367099264203067,1
994,22.17539054538568,0.4874432667028423,1
995,23.83227152387384,0.2919273888307665,1
996,18.28857971967356,0.1268006919766621,1
997,20.157880816954858,0.25681015766389736,1
998,23.520649017400178,0.4104273040686804,1
999,20.83532560860368,0.854528585196346,1
