0,1,2,target
6.394267984578837,0.25010755222666936,2.7502931836911926,0
7.364712141640124,6.766994874229113,8.921795677048454,0
4.2192181968527045,0.29797219438070344,2.1863797480360336,0
0.26535969683863625,1.988376506866485,6.498844377795232,0
2.204406220406967,5.892656838759088,8.094304566778266,0
9.572130722067811,3.365945451126268,0.9274584338014791,0
0.797919769236275,2.327908863610302,1.0100142940972912,0
8.428519201898096,7.759999115462448,2.2904807196410437,0
3.154530480590819,2.6774087597570273,2.109828435863265,0
3.9940050514039727,2.1932075915728335,9.975376064951103,0
0.9090941217379389,0.4711637542473457,1.0964913035065915,0
5.005861130502983,1.7865188053013137,9.126278393448205,0
0.005718961279435053,3.241560570046731,0.19476742385832302,0
8.787218778231843,8.316655293611795,3.0751412540266143,0
0.6921251846838361,7.606021652572315,7.658344293069877,0
4.231379402008869,2.1179820544208203,5.392960887794583,0
2.0115106338969593,3.1171629130089498,9.951493566608946,0
2.142368073704386,1.32311848725025,9.35514240580671,0
0.9693081422882333,4.310511824063775,4.235786230199208,0
7.2907584945985064,6.7336454729330155,9.841652113659661,0
1.902089084408115,4.4861354783313185,4.218816398344042,0
5.503253124498481,0.5058832952488124,9.992824684127266,0
0.5716527290748308,5.841775944589712,5.028503829195135,0
5.950351064500277,6.752125536040902,2.352038950009312,0
0.7254311449315731,4.5828552261858615,9.984544408544423,0
0.73260721099633,2.1315431226704042,2.6520041475040133,0
6.539763177107326,0.07823107152157949,8.171041351154617,0
6.633887149660773,9.389300039271038,1.3429111439336772,0
1.0703597770941764,5.532236408848159,2.7234821231481634,0
4.885318521493765,9.053364910793233,8.461037132948555,0
4.276869189806794,0.09669699608339966,0.7524386007376704,0
1.4809378556748265,1.2744551928213876,3.082583499301337,0
2.4952973922292445,1.0279362167178563,7.801162418714426,0
7.419500778394765,6.706285044329995,3.642214717812642,0
4.024003870577246,2.9565520252594704,1.2728779905915322,0
4.421597993048074,2.137014009891003,4.731861859093263,0
6.72795670557167,2.246406659972883,1.9912993272657664,0
2.4484254407835015,4.751363442188051,8.49737694624732,0
4.943771690104369,2.4398443957843883,6.560580111117841,0
1.7588668170653166,9.579660422795397,5.179577504437408,0
0.7748335386473582,2.857281508631525,2.717151070821846,0
5.401522225184564,1.3837406151615572,2.312614797281868,0
4.157742341031559,2.0683438951441024,4.201435177734256,0
3.8038102892771164,0.058960835839930725,3.517588026718247,0
4.3583597604663655,0.2902481994671524,3.3612954369838244,0
6.222569609740647,0.2696645190513769,3.9402025633970474,0
0.27102046340312436,6.427496480093358,1.3569948723056424,0
0.5028463348862755,3.7910386418813955,2.1166028421148155,0
2.522715317823806,0.8190623276164255,0.1938328705001069,0
0.20380017320332344,1.5238234578479037,1.2622097487420625,0
1.6778914336780226,6.072474938909317,7.479256519552858,0
8.193011743110851,9.647207730340877,1.0809874965760657,0
2.6839553804922534,8.517131600193318,8.307310188906033,0
3.7898930412826406,0.2869999777008958,8.509528363124591,0
0.9305335055467168,2.2159640047253015,6.917871552952018,0
2.82998703274955,1.0052610809079077,1.9411757809107344,0
1.7944154368540333,0.14148367256063832,5.341350892676633,0
9.74294931102738,5.533589667986083,6.974173929101944,0
4.6939694493051025,4.4046879813601025,1.8436367039008172,0
0.7408217025563979,6.294457069519983,0.5360907429253314,0
5.628395970845642,3.0383551184222766,9.939181227102202,0
6.604281371920367,1.5705709338087714,1.7381354832643447,0
0.026757226028857328,4.505037046177024,5.938111951195633,0
6.476347234024807,9.08411445212606,8.266311596500596,0
1.6592278922072468,3.076118126142325,7.489577220696233,0
2.886105883058417,1.2435365817470823,6.886779912120938,0
9.426762407440407,5.0047217711792555,4.937952193450843,0
0.3986078418361305,4.3202866416077255,3.2232158335829997,0
4.917258021910134,0.9124240629382718,3.4796105629465046,0
1.583781638052324,5.5083900700266994,5.522514090537331,0
9.922571393952197,9.12929878484168,4.614478941787834,0
2.8283898328282664,2.9855584977176717,5.869377224141611,0
4.89640346655701,1.4859541838278911,5.385805777038737,0
7.18717425222983,7.594018093343636,8.723830173985363,0
0.6842074718155144,6.311610168546405,9.209290987802968,0
1.4556979569939843,5.3116631814876,5.659280619159368,0
1.6998364906809738,0.7896835065999463,8.708395986448549,0
2.539773394135423,2.5532670815915406,0.09397431454871041,0
0.4904425077599994,6.064064930764745,4.967272865238703,0
1.7564007044430663,1.3215979774678355,5.39407758984421,0
0.13918655100901178,5.365723082690591,4.547860277338747,0
1.0834610219923069,2.3382190221158314,0.2502464964648232,0
5.6140738224987885,9.152559087431595,2.2136720007399004,0
7.422690147653158,1.5452290240983502,4.148845274368069,0
4.893470377896145,4.081158856977005,9.515215253810595,0
3.5867384121231796,3.981396427443731,1.8980856216107955,0
5.9714595951954506,0.2135745473637063,7.8679459045461675,0
1.2592388530804288,5.645779759079633,0.686101528243559,0
2.071573703466585,2.1595135191867474,8.696954267695446,0
1.44687980320508,1.299921314434368,2.5065419672812386,0
6.610576425973168,0.2578014978619836,0.14860327230708847,0
5.214512147130841,4.580425220976821,9.640261831220286,0
0.6568223332011391,2.7501599955795317,6.330767243010155,0
4.5155491596528154,2.284935743645844,3.389316188351752,0
4.159896502614952,0.9508583927563086,4.26764006260958,0
3.2964598141620503,1.222312853545593,3.5359807963376766,0
6.426991638298314,0.262538314535834,9.290842909949363,0
2.6744772515411066,1.804160719608544,7.026987728656047,0
3.398246567772584,0.0610578940365869,8.69862706536438,0
0.8495703997717929,0.5260882642552178,1.5740989710715314,0
4.420441866977791,2.7316684436476946,7.549431436683706,0
2.555195040214593,3.281223559378411,0.0772990656931194,0
1.756948018758423,3.8020744571523624,7.036712633826636,0
0.42302261562791377,0.18741536585645702,9.211624345024124,0
1.1517337266379823,0.2085655902474881,3.247681794455138,0
6.181252633042402,8.320259130717071,9.197697517413847,0
1.6813270804568659,5.104832845421483,1.1402663983855255,0
0.6828625849575609,4.422080638362848,3.028204351390129,0
0.5617212021307805,5.073368852897781,3.104078506063109,0
1.5086107669563853,0.6187370010110071,1.0350187727039162,0
2.4774372359828423,4.377582743092329,4.394217917626243,0
1.5874620798154138,3.728519821013271,2.8289357861441786,0
0.6591185427971746,0.9450594751509434,6.78379344840081,0
9.476682675343469,4.8627092087272725,2.2654304653388726,0
9.662681532059473,8.1689123958124,8.012592241515476,0
7.631168302916908,2.727912995913566,9.053062089782411,0
3.495850781386489,0.2667019080293853,0.5325688717107446,0
2.357780738634326,9.945253512382912,3.7491267341776755,0
1.3759958772587166,2.8687939731326817,8.297615831528226,0
1.387926918181862,7.055361752890804,4.4860147398224655,0
0.7922577127072128,2.559239284370447,8.34963099282381,0
3.0115119458621997,0.47749446618851277,4.1982554375344305,0
4.571136166364487,1.10857895290015,9.051468856619985,0
6.643713017420091,0.8561395498726176,9.746544909522218,0
2.5365026106921276,0.16242231108947625,7.885200162795153,0
3.325186083719849,0.44335688295208175,5.460137452076915,0
1.244750082443834,3.68019174314673,8.894865170122815,0
3.5154698377199214,0.42355162850129524,8.70037175056392,0
2.4961165309339792,1.1344861258501804,7.356748594794277,0
4.912001952542241,1.2263742190397087,8.528262903843228,0
8.455212189746995,3.195877720999701,3.4742529473856454,0
1.2136245507845689,2.0098037117768577,1.3887687203836574,0
0.2628402680826569,5.540214372595951,3.689111655012207,0
4.3261828648197485,9.107122709468873,0.5541285001777707,0
1.5301546681020062,1.6465707989012413,3.226607511545556,0
2.5060530898199906,6.350570913877459,5.508414154831397,0
0.28373487898877614,0.45461803291341973,6.414537338243601,0
0.7297302550534579,0.5991303293466899,4.39605499920411,0
7.341997548045468,8.607773657543254,9.753741279148802,0
2.674716744541824,2.479188825255456,0.9681165256057145,0
1.5969966213016096,3.2743582080119493,5.776870378935964,0
3.085404820544293,0.23176298216351032,9.452328040692372,0
9.666866305524755,2.151444225262411,3.5289508885635534,0
5.702816438810293,1.9465530188771907,5.532229266211517,0
1.9905788155244997,5.091225162251821,5.000779035706438,0
1.370363735675204,3.330407053527672,4.7374415039519,0
8.411671249582643,1.4777570830033182,6.8072689505067885,0
9.205209498972106,8.728177089123204,7.358372712686814,0
1.380824857852102,2.073417049712447,3.250495344260548,0
3.4232701768184617,3.542869886448128,7.719897841487407,0
2.9761456527690786,2.890041374035249,2.0727779485464026,0
3.1704074501844803,3.4880317420130655,9.337003747708007,0
2.7345753675542306,1.2187410573271507,6.766222457825457,0
2.9045265199293557,2.876303416141399,7.141412874983954,0
4.423761118648354,2.5644397547348206,4.790792630164832,0
5.385779237086528,9.330239337833078,6.961713006468226,0
7.173580562502436,1.005449047773479,7.707660580982791,0
3.211677021191667,6.458979178902698,9.079369587356224,0
0.09267168480099786,5.679618686644954,1.0730069077353799,0
1.1264676102015447,1.6249426253973864,4.589144710323612,0
1.8478120104733997,1.4061187563429844,3.236016700850828,0
2.6078527706544383,2.355212528015339,7.53756651781457,0
3.1097794838466033,1.1741574584477632,9.161303858506354,0
2.474654293085777,7.547395497248654,8.731350584877333,0
0.6175804755668379,5.476492487109315,5.054870560925958,0
0.5773678093252477,4.623783057389237,8.069153525543925,0
0.4528980272782879,3.4452886656213453,0.6375991211208321,0
9.345827988849464,0.6901914616031379,9.337755625849306,0
2.226902159662665,0.03473294944907779,0.22735327321966592,0
2.475120385037756,3.4615973498762678,2.756497277951273,0
1.0089671309250703,0.33576275754280793,5.977848967315527,0
4.163246334214446,1.492176078251637,3.76460188507132,0
5.572867581992731,1.3409275105907803,2.4285851608958575,0
6.467058515479447,9.222261045112223,8.471333859196118,0
3.592595555515757,2.615616273853526,5.1281654002377355,0
2.212740983162252,1.4592271310254856,2.6077410990976957,0
5.421368553513552,6.418094631823665,0.5873205158073014,0
0.09141461690661767,5.057329196930651,3.732006926868119,0
0.06612356992158896,5.516435609112569,0.11850968127892436,0
6.740329521192104,8.06167698947429,9.09773365998766,0
0.9631389025140846,1.4889748574025052,1.919320569916132,0
0.561149391289657,0.09450172654130617,1.7138357522104763,0
0.9536183547073007,5.28159185641648,0.42551757617045105,0
8.681168905816056,8.875543070344936,4.755002876452733,0
0.7693749144134587,1.6245025071470587,2.404721943042868,0
1.0655091771126113,0.05195222370030117,3.0826745513629805,0
2.6976644323938648,1.3250700449419939,1.8739178352787722,0
0.9306426045987415,5.980437977942729,3.2443033057241264,0
2.9184735129632102,3.877995593783937,0.8469951692852251,0
3.807320234887431,1.3884005895941676,3.0113126537506876,0
0.632671502769544,4.34676269262745,4.211023397725243,0
0.7692136139515715,2.5169973778890284,2.4659006834700294,0
3.295417162792602,3.3473622374695697,8.154754700030031,0
2.0085148870207172,3.141832811954414,9.645746230947939,0
2.424242967805731,3.760553023241471,8.16494515432913,0
1.1388782361199812,5.638505086287859,5.922270342503855,0
6.576016445807657,3.5500881944848963,6.469998479834043,0
5.004657816197345,3.449673875995183,0.2456265302576932,0
1.4167517683154829,3.1189034389754147,4.553326352258771,0
1.8445177515139366,6.404788766600781,4.321344524292825,0
0.6256375146916437,1.0175204872714239,8.719793300098852,0
0.8475196862302781,1.3394776965071065,1.1786165266165671,0
1.3786729853455748,3.83709962837687,1.8575369929276564,0
4.8964202619220885,1.4029653509779705,3.145800146608443,0
0.8267062578646689,0.30860705643004804,7.610566185454242,0
7.42518251929787,7.659195549436907,5.497261845380513,0
7.107539594937995,6.3277063092713846,1.659816176902592,0
2.0661965618677334,2.06942720751766,0.5935783363934111,0
2.893332434649436,2.6734306627808015,8.580168449462576,0
9.187687118298253,9.924862256446744,8.670475904337785,0
2.687171520874859,4.142250893650377,4.519917225503644,0
4.584492566797177,6.641438208318426,3.582227293409872,0
0.4840926115172295,0.9957474191620586,7.838897618405682,0
1.2423717923039845,8.576515999286139,4.412859488764266,0
9.580317693039722,2.023182063973997,6.885918819115103,0
1.6552507915934378,3.963415669322332,3.055092448442307,0
2.3414384148441947,6.554852283835349,7.036980397640442,0
4.768067082609141,1.326997920399866,2.26190861459406,0
4.223139337750599,1.3217515109256084,0.708283054005121,0
1.3712929474354563,7.734604836506241,7.53157800991068,0
9.929401552463851,1.4285306683489385,5.30508276546681,0
1.5137413084428097,4.117098943596781,6.8656616987574,0
0.8668803346598852,1.0046511247763878,7.524456465479524,0
3.840319093431207,9.632487105532642,3.1450366818216935,0
2.7696765694484538,0.8424871599798667,5.533966317847301,0
0.3982686193718976,0.6046885958820569,7.892899989930914,0
0.8242781192464588,5.365648160700154,6.16047055666748,0
2.687644864092457,8.86414759740656,7.714302904896247,0
5.76651674714184,0.7707003128638534,4.551977776794275,0
1.029049150218696,5.739123051920565,7.227783733258665,0
5.088248849106468,0.4403790726280954,8.629284949026113,0
2.7125795800981667,0.7788706996691197,3.7280816673786132,0
8.44846504261328,3.273009217261189,5.530913953240676,0
0.06377882751804065,4.100361095660199,2.32997741859743,0
8.39574006896174,8.77198614251575,9.509902621434433,0
6.573038501759978,8.490059877789218,7.272150390409725,0
5.298144890600125,2.3816759452086567,4.920288768498976,0
9.74554790168251,0.8490241751648953,0.9557700533738556,0
2.719558718324544,0.7468743580247972,2.027126262792337,0
3.083077182125046,2.6500792691470823,1.1991355635539358,0
6.860548429505152,8.263866879396497,6.968779832370764,0
1.3979303927312237,0.11956923169412992,8.30372331894636,0
0.21800182738612728,0.6447203604690976,9.024960819332815,0
0.4269631909043081,4.609949220019407,1.6798920872905643,0
1.7280721183078918,2.1471610597002666,1.8715111371116167,0
2.9510516299971643,4.119922062961651,5.506886652039805,0
2.7977598743897136,1.372360171320648,1.9945780666658663,0
1.7981587369786922,3.1887756732937955,2.190201880730945,0
7.668421684502729,9.996057468113461,9.73979861733502,0
0.9025737685090285,2.326233580832391,2.1880894169157727,0
0.006834963838308061,9.178961859206465,2.0146438335214114,0
0.21912896243572288,5.866091750912094,9.172241474811186,0
1.3645166885749005,1.5750388601684584,9.486935320263235,0
3.916014272776019,9.942831305476306,9.65183940287551,0
4.466299340977939,2.652124405628762,2.495408631352788,0
2.566579415427148,1.0803460121462927,0.012811574946899329,0
7.319850852713169,5.470462586122315,8.981241731199734,0
5.940305440520949,6.136447257788938,4.827367864884781,0
1.0125781097333564,2.0555047671793716,1.8998425758838544,0
2.3754828494724567,0.49635443038509863,5.717698078577415,0
1.535899345167342,3.6082892122727306,4.276059574457135,0
6.620202260098677,6.002155280137687,1.9967480076094635,0
1.7083219169222308,2.9181146604610753,0.8193609471299235,0
0.9113687755067923,5.441260292196803,1.8488122054204725,0
2.262422802826669,2.6856199327294963,0.6163936966009931,0
4.748243881219199,8.816538694176227,4.762622810814686,0
8.004503367206857,6.775348855760303,6.20273114349303,0
2.5788635998777654,9.108044857315942,9.141739368985867,0
5.225620104498092,4.195938342252287,4.1444239876897875,0
5.626837594773225,1.0099044282544867,2.8609285404887244,0
3.3149407573427068,2.3757929391630714,7.457498198391361,0
2.803466531846416,4.91619213359317,6.961828446749748,0
1.8793569089261142,2.113905021058976,8.239694342551406,0
5.051263749371638,6.3540980907584395,1.2387285889069999,0
0.20052357499524387,7.8030366426064335,7.675727284118513,0
9.115154380523718,6.473715541750241,6.011419504945338,0
3.9715253997212017,1.0231210296860016,5.115137174683017,0
2.9847592625329744,1.0810453058584346,0.6383705389710992,0
8.406386945964,8.764947843421105,1.8113585780400077,0
1.2794413969605334,2.586518505602079,8.083438691424702,0
1.8306835701259505,6.797123692899283,3.3563246320511873,0
3.3131713697077645,2.605592354057036,2.9405112165034275,0
3.816692198055871,2.9835575381746327,0.5406197064257512,0
1.3736525917312392,2.002965907951435,4.09191846752104,0
6.34498969152671,0.04713501423993849,2.735278622014996,0
3.73101405427371,0.14077118724632132,3.2221313384806907,0
3.592508863666324,1.8842603389086943,9.480843537069427,0
6.505403801212247,0.37363427692595264,8.765441375994762,0
5.347334341938405,0.48586961581737254,9.946802336570649,0
6.535676184007526,0.19741766514145165,6.897497483774261,0
6.6248296588889675,2.699771495371891,6.056343369240041,0
8.306527204708898,1.0491423690009694,7.187662245161679,0
1.1401255268424793,1.0626370830639498,1.986466617062822,0
2.9535120100061296,0.39405707628568654,4.963547133680927,0
9.06880044269792,8.352321652632412,6.6902193050164005,0
2.5589210275066487,2.311602864917459,9.886659307576041,0
1.8286942030364273,4.007775142807529,9.62309930149754,0
7.969095570354069,1.1305655637764611,6.961698735237949,0
3.585989148270966,0.2881622957122154,6.844641333814728,0
9.734445802253692,1.3065532954841586,9.203979856381027,0
4.112842637351743,0.4597232537967,2.6161286722848986,0
2.485769948507076,3.457494874575037,6.762955683574412,0
8.390330212297872,5.583442367021879,9.877916247614772,0
4.032769934617228,2.349999999912872,4.590945947482352,0
4.480985856653739,8.565892241780173,4.47068119913798,0
5.571310114048331,0.0016971547833644074,0.9089554691153223,0
6.714743707791561,9.503551299933656,3.63342477569811,0
2.229181143963146,4.544599826035843,5.601508451060681,0
4.731336810935889,6.571672064311396,7.159135002831553,0
0.45778109855034277,1.6415536770539085,1.4044918732224887,0
5.303643475190842,0.4857160563190521,9.353082808316525,0
9.635935376797526,9.704916499121005,4.528457060813667,0
1.1540525228362541,3.522378024628774,4.803699223906268,0
0.2527214125447208,1.4532671163279554,6.702541787669418,0
9.758227220561263,3.126539808946341,5.521245975330635,0
1.8697658153232366,1.7379513185530515,5.138468527745738,0
2.55016148132422,3.3056278874226908,7.096892963163141,0
1.5370338356962976,3.2263002989351994,0.5085544119522678,0
1.8386909753535896,0.6817646910442587,5.051403504563159,0
5.370359525339087,0.9194555393906645,2.211980811014528,0
3.318835149039815,3.6079782466273267,2.184452857845147,0
0.08803696295037411,6.689384679943866,4.4566724628469245,0
3.7495804216197914,8.028167375082939,4.45556897571718,0
1.6739480921349492,9.56276206473399,5.37974830964251,0
4.242094519411406,1.0392680917367014,5.377542140241612,0
0.8752089793419859,0.5426807089144103,7.942147869758903,0
1.0613554186997254,7.868918976625699,3.013507098448711,0
7.974846128334658,5.457244686408226,9.601342650804344,0
1.2323515893349901,0.05029839074005116,5.966548874533303,0
1.6095435756439502,2.2078796935740796,8.34748366868062,0
2.9065266752008534,0.6736275740480135,0.9820240138037195,0
0.04831882664671383,2.461751385454841,2.2152570420651974,0
8.863358320788956,0.7646237855721538,0.7539995679337663,0
5.071783112855739,0.3119423100830909,5.818904904939293,0
1.6584355203215828,5.1413668051638215,4.4622044383900175,0
0.628611614134692,3.6943518544747436,0.4280844083864688,0
1.3896830707712993,1.6560582242899213,0.7708822574124685,0
2.1151710413575477,1.869056758087676,3.6222294421509105,0
1.1833022282354266,2.3034633259932455,8.1117262937296,0
0.5591200416044417,2.5825964601670846,1.800375395762971,0
1.085701139015155,2.0234854908817512,8.595916920106054,0
4.197950126716061,1.4956119362645603,0.9629857672320441,0
6.14748169480367,0.3903656361812824,7.838682348387684,0
1.1751640657477047,4.822409351124809,1.3032884077716433,0
0.9771690834678259,1.3388310562460137,4.7714123700454,0
1.1782860398115103,0.07194052450581467,6.545461208031974,0
3.1590171462927064,3.622697897745908,1.547785805618136,0
2.537776454426963,3.0665308667459446,3.4435630421485364,0
7.067899335328698,1.6073800913321723,9.645702513745174,0
0.9108858423870403,1.4532843583575372,9.258617877978491,0
5.158136315528283,2.3167097281806157,1.6948289181310217,0
2.392566252873772,0.0028727185462340543,1.5744476085039083,0
5.1774270098929485,7.36925540146395,0.6861717193705896,0
1.0646495639257658,0.7238597052670392,2.9425182446812004,0
4.607204414645122,5.868265171499795,0.27350697532073864,0
2.299301385891541,3.157306940289286,9.554456871233603,0
0.09723191714424928,8.321770449232286,2.482576093620775,0
2.0276655878827334,2.496954339469575,6.185968991818083,0
6.138269752757525,7.64244212635527,5.414739546030245,0
0.11819978610448922,2.107523857014477,5.810082189794468,0
2.7962953188068407,1.7988922872699586,1.3113916649872392,0
2.285667494996686,0.9986974090945311,2.699491069025366,0
0.19835333613759998,1.2123748921670374,8.673685839741367,0
0.7134407817655741,1.6199948894698535,2.2821793938787325,0
2.9135635279441985,2.6747239087063788,6.446442931551882,0
9.655260328224946,4.1398906087367315,1.83886199103384,0
0.285712930199129,6.635491353038045,8.603688174133925,0
2.598070439377244,3.0357291557308894,0.0009234639492805563,0
8.479464883826706,3.4388491724999426,4.691979552440262,0
9.22088395744053,9.469575118681243,4.770670704514571,0
4.304353132692334,2.9292261300238778,2.3121539351915854,0
2.6298027544624905,4.222393827536926,2.3956181493856055,0
1.824071790026428,2.8959529929128545,6.368927095483468,0
2.7213413045162405,6.227537802755535,1.877894425440112,0
1.5068369369748857,4.935795531957453,3.4191285386862624,0
3.3024864703583034,8.435462992680785,9.51644041732608,0
8.415392879402596,8.172507239995703,8.282520473943315,0
1.258274576652264,2.3267463085606357,9.816757109638335,0
1.8977583621965144,1.8662672894910382,3.476646790182655,0
0.6887658336115943,1.5502547807532696,2.9567266121073477,0
3.6711270700453946,0.007198287242494716,6.380260624435374,0
1.8553429009714995,0.18719856588055195,8.568292883342146,0
6.130392423505268,3.2260003991279396,6.409039297850732,0
8.734927775805723,2.0207902868878214,4.853702872366953,0
8.897673251634664,0.7995680323287202,8.01019949010884,0
7.084337849788369,8.236429662774006,2.6581563449666525,0
0.703881296102441,3.039045488680554,9.446034820072356,0
1.6680931890354744,1.8039653860006821,4.015571736148952,0
0.9190512128537265,3.997982484777639,9.178818033444678,0
3.003932538432746,7.307893619562772,5.762836961563387,0
3.824869621852632,3.0478339287924285,0.41182252163563193,0
3.991912995469419,0.8507898746823539,5.018231156057946,0
1.3037517489517414,1.3487076372595497,5.5929617731354035,0
2.4624584050711307,0.7164398034108488,7.767718987916837,0
4.422101052342516,1.4581847519027757,0.44877550931373245,0
1.9968521360575575,3.7382079032056934,7.577337825930622,0
1.1237174078510426,0.5453801336175423,9.489409150257888,0
1.1127799231646984,4.50061570638346,0.22748115151202009,0
1.7031964704476332,2.840135410479907,7.891884945074221,0
3.4677990290754543,3.51913082267181,6.252309702510104,0
8.786772741911603,8.904020860787615,8.14858637678337,0
5.238054835018717,1.3525249384391524,9.956858002320088,0
1.0677143284340107,1.8474649657456732,7.624474837329655,0
4.048667682425284,0.41826275050118156,7.353317798996606,0
1.3530667419036257,4.1355930509761665,4.5088585484707435,0
5.435011596043003,0.05750548899053909,8.827029205371947,0
5.888623271843092,4.757119898031538,4.101513657113563,0
5.575486482688888,8.252525047036826,0.4891879994302972,0
6.532768782155203,0.3672105182241203,8.538292872341877,0
8.38014435792606,2.9844154664211775,9.203846982695362,0
4.169569238553582,1.782483917574228,6.72090495261405,0
4.553378280202657,5.7896629244229665,9.314798193860057,0
4.273238393910947,5.504710828134854,2.9283271335673957,0
1.2971313755430258,5.626343376666077,5.197058001844938,0
4.925044537185159,1.7990723165619127,6.094057577306153,0
0.11297267978029768,2.011871389300902,2.8162670325053862,0
3.0777254924389705,5.0668962709600915,3.2392383938307012,0
0.2911738181146062,1.7562908823799772,3.3051483209301002,0
7.515402086696134,7.052661840455194,3.144993983942271,0
9.50726749767577,2.161398792646856,3.023182986305113,0
0.24934774629959966,4.826631911468192,5.000543084299398,0
0.46139770024290816,5.2057771210506685,6.589842866774999,0
1.925456396234585,2.7664953866806474,3.191497905014984,0
3.1848491185197303,1.415568287914828,7.043536961376878,0
2.448250738626344,0.7124287122024264,6.132628835159771,0
4.436476383412344,1.3007400206470998,4.707355790085525,0
1.0592691886126726,0.5379987572222633,4.264657452100273,0
4.65695363043169,1.3179528037396193,8.128510177310593,0
4.653965642343899,2.316942136544605,2.2379445391686015,0
0.302641322118431,4.753343620366383,3.514408206839269,0
1.7080154480231824,7.679415147648411,6.044402314326037,0
0.6960763482942567,1.0874463383487365,8.140667199820683,0
3.7891101336038293,4.942951473965429,6.601647590211199,0
0.0018434045521698028,1.4672535405219633,1.4921643177400834,0
0.8928740458732076,0.08119252409717004,9.864216484906068,0
1.2755569705743475,2.9418466286667098,3.692228935739077,0
9.97456043010471,6.700660819228675,1.3427744814457554,0
1.797973770975646,5.094149144301166,5.520500303810195,0
3.5530723054514013,1.8579103369095806,6.045732573228328,0
0.8844635073267892,4.724515723486457,7.416861106733749,0
0.5277427214075081,3.4354617100233775,7.785271332471325,0
9.605813024771251,7.9822322200699105,2.8920844322076555,0
0.8251016681508216,5.05596109307276,8.514452560526342,0
1.1154940429196902,1.7461384765901777,5.917701254708113,0
0.8440146570910234,1.4507025178927246,9.339418546983879,0
3.450757194632722,6.422610973149202,7.554839314485417,0
1.6760039675246863,3.987448027449245,3.0136712995369908,0
3.349674066180446,2.670878157192197,0.9827678840863641,0
0.11961411023503232,0.9769875947582918,1.0390728477760813,0
9.50488959248252,6.380828851594785,7.0807510582950215,0
7.698805091538996,3.234041277865811,1.619660316462166,0
7.771059502839101,3.8279900244318266,3.3265473690598135,0
9.126092228411265,7.154003177508432,1.0328711595282625,0
4.006147984802325,6.322725265995844,9.588238868644417,0
7.665080896761913,6.477925718063151,1.766183045094868,0
3.841636751646853,1.9100316091530278,6.958822786070757,0
0.42814533453493175,1.181871087229115,8.071037058074022,0
4.583703647560609,6.780778234466912,8.742553929728373,0
5.793457123114589,9.248158117535223,0.3687766742303755,0
6.538315267791077,4.712196358083104,9.180190758285827,0
7.012968111692847,1.3053773354265985,1.7224900895849948,0
1.2074548955182252,1.412368026193237,4.151543242339107,0
5.534077299014189,4.386612120542273,9.256755305974618,0
0.1563032626827754,4.869674748236134,0.06349578553616952,0
6.105379886304853,0.37621211977839186,1.8000046698152083,0
0.0457004128180738,2.3563900732921708,1.1750782271179194,0
0.9568385495931608,3.619013045931686,7.611282392351487,0
3.2597231432099836,1.987513955465462,6.768525458751079,0
6.320211169018609,9.755558913178334,2.022108907691489,0
4.585789249705064,1.7120131671681682,3.4357600822935663,0
1.6993548406751036,9.701358419117005,8.550040217466822,0
2.466541770684081,3.2729594733006295,5.794670300364986,0
5.917716320324864,1.4896970178004143,5.737007848788186,0
0.3362055440021783,5.311217262917768,4.792693392166235,0
0.12422991493045044,7.317862838999783,9.499338956028705,0
0.24413473728453927,4.548407976609515,7.718350078063004,0
3.3290613838225847,0.32714175407513757,4.259022530383469,0
0.8095904156904821,8.808472479559084,7.357607851344589,0
9.45322229787738,6.74652966588665,8.879779059556318,0
5.587904580300574,0.670059141573176,7.093371359525285,0
0.6562759122515893,8.919032132922037,4.578741199322697,0
8.979458598704026,2.8837268768442046,9.566269299160489,0
5.414349580684413,1.3202736879814347,3.467002467820791,0
4.842431125931613,9.707240483771733,7.697497371249922,0
0.41151456488467963,3.166258377918986,1.2647351206011048,0
1.3942329345649729,5.50959990299315,3.0808220077153736,0
8.408769162026404,4.459726911589023,0.9248113130306057,0
2.7792716917183746,0.22548646357577584,5.384122941602124,0
3.610648691472261,1.479459383783025,8.53804069963399,0
3.7283115098022512,2.8465036559790526,3.5135503342811267,0
9.70360673202005,4.2383219844554,8.964288265570534,0
5.871800675834395,0.8607797431677044,2.077837907018597,0
1.3692703991575206,1.86006418111054,3.8176953263180824,0
5.592810566712619,4.634518342056887,0.2684001469030639,0
1.8324749741471835,0.945086523798293,7.526285064752095,0
4.848990247547217,3.4031309128483658,9.107879784928944,0
1.5455491470830807,2.211135017244037,1.8841678496529701,0
3.1157346584685666,3.625685657487361,8.170387032772444,0
0.7860496211651757,6.908181366549706,7.8402972304614025,0
7.746923080403722,7.573340343776902,0.4251694080495083,0
7.930551816507342,5.1347919250410925,0.5926523707123355,0
2.530124712234847,0.6624736116562635,6.675864235332041,0
1.8478182457834957,3.515336664710873,0.9077931303945908,0
0.9910568460514024,5.78133678162426,0.1398431158690705,0
1.915475201924428,2.8185679146478657,9.016602915079732,0
2.142740004826411,2.27554212567046,1.1284547866440886,0
1.2361540247426694,1.1031616121327559,1.3591236990553146,0
1.1572260696277847,2.8361144257296447,6.003895084274889,0
4.916483735449275,1.0517188456930038,4.380583504040716,0
0.8500591009272518,1.433675616593022,4.006242878365302,0
1.0172215656513084,9.25290315541831,9.77853329246664,0
1.0803666801892264,2.5068986035392715,4.972737821252777,0
1.5273665117288082,6.219667615237282,0.9633362859615269,0
8.596723119953944,5.466200338130473,9.525804949102172,0
1.3448824221238243,7.1572318963021395,4.874549266994829,0
9.777829444739039,3.2048278347718693,0.28146986592288425,0
8.369341519952572,3.4887678779328923,7.42057134091608,0
6.480828248865866,5.9253166679249505,9.103890187143628,0
3.0491245623284047,3.375942570699695,0.19711990195637963,0
8.40380488711106,5.358340234613426,2.873555590596429,0
3.6427466915910456,1.4774368882457867,1.5047265400315457,0
0.6442752952819675,2.03558041497819,4.1243837972681785,0
1.135585766282845,1.9191601148027304,2.4558660981837477,0
0.3700373472266272,1.5935848856502743,1.3643062881486012,0
0.8392954106557937,6.015997402219412,8.67171779748661,0
4.0700685155967795,3.6343424522632404,6.574306032487701,0
9.431621420369332,7.242344531621804,1.4056015190512794,0
2.3807685524092106,1.2227683345370643,8.066872456178839,0
4.228689984828859,1.442779087037892,1.7515425543568008,0
4.394754127292003,2.5430592047348566,5.894809443945094,0
3.629980122687054,7.156712291221266,8.213653661919489,0
2.555336900121581,0.9025032770873898,8.22707725738495,0
8.794672475177627,7.6674090060911695,4.062888159552022,0
4.532617531359948,0.2735089333337126,0.5209882290194023,0
2.6015777997114653,0.8906126736128972,3.679201541105127,0
4.941681577419751,1.3019933127841787,8.563377276555146,0
4.085241019164289,1.4594285211543079,2.90192961514951,0
4.5816411141856515,0.10320242262494617,1.3320493602338035,0
7.361041053920681,2.5622559393238733,0.9527942208200668,0
3.3286254056591247,2.348414396564097,9.082265373639887,0
0.45511871616251587,2.5365688282655174,6.196578769455677,0
2.6375794050822163,3.130103158636045,8.926718098296508,0
6.57419477676244,7.982201832532107,0.5322218827098568,0
2.298605455692211,0.35862248169239774,2.6022396358516033,0
4.364298665227296,9.952017433581888,9.272063411393074,0
8.458383509499129,8.668793003861136,1.23654234033855,0
1.7801080077946274,9.650493098115733,8.655155107298288,0
4.6352487561434526,2.2423021232791696,6.862365358593722,0
4.373555189310246,9.072077110524825,4.7761136517221665,0
1.0763217144199888,4.2491352120801364,0.9448436248791581,0
5.6847821036595665,2.533803310651901,2.54860204350709,0
5.0344456744394215,1.1393549099949118,6.615783234155099,0
1.8220813455365459,3.929573375378453,0.8329056513496902,0
1.8719173380038412,1.8508739082679537,7.470293192728325,0
8.71615794847971,1.0633065874724767,5.343760029816272,0
1.1667826036590778,1.7173535120338923,4.771198739123569,0
6.9029335435556085,3.9499723765731396,3.026566586467261,0
0.1387591802181365,1.1191250246739548,0.15885246515515705,0
3.0091786958069457,4.634255554390374,4.739890875062288,0
1.6610549317609768,1.5242223992035664,7.025981057082559,0
5.694304617453422,8.338385328034564,0.5092218021936756,0
5.283088089452658,4.220045475393784,3.158501502369022,0
9.38964476035385,3.4676411336902815,6.975144403892011,0
2.880107814536179,1.9220129750103077,3.438473898031613,0
0.47049336129883046,0.18130595675012073,8.80906106984675,0
1.586054651045411,8.279486884136622,8.944574706515589,0
2.240956387398041,2.5782214100407677,3.403242139882281,0
1.109308449526113,1.0589185939470225,6.105725438122142,0
9.473834939440193,8.236102280204957,0.41969437206579197,0
0.9929423894208467,6.4709297093553015,3.3460752531260827,0
0.8523386169981673,3.7243635740279957,7.548452125117824,0
0.29762927014966967,1.4558430589848648,0.09948713463736492,0
1.643246817147156,0.6146832848538653,7.591923850558231,0
1.9729575426112622,3.0153141233534306,0.3697017235631861,0
2.8392785946827015,0.9281956785672607,5.517858513612479,0
1.2474980539632496,2.979611126514917,7.368586957843109,0
3.50337135040772,2.845354949453649,7.847892628243508,0
0.9798783173079229,7.116404207474897,8.284376294318806,0
3.9478247517358356,2.636937095545513,4.98827305707791,0
1.2938518798374976,7.045246847956291,8.632716575945995,0
2.126425389605192,4.733555617377712,7.464963060381985,0
1.2086642808903725,5.717647544264091,0.4028214158697052,0
7.91203701070468,1.4213980573261153,5.896242441367877,0
4.8879365624551285,1.223279055024482,3.4864894351038735,0
7.961587814360494,7.073988490465885,5.6104435507327075,0
0.5287438599238392,5.70244383228971,1.8939587288020976,0
2.571777931677184,1.146446241422453,0.9933363304867793,0
1.4403425293169114,2.555545253180317,0.8962856348028303,0
4.07276434291963,1.6919104798818918,6.144754287684212,0
0.27171192417298373,0.5850178225356584,3.8993971123355786,0
1.2096626350192807,2.0255945801454,7.5213373897228095,0
4.9297944090233194,7.523899786503706,3.850486796301383,0
0.6063197790336938,4.648235332453331,4.07076463590996,0
4.074937897439397,2.3374045575957814,8.861558960275563,0
7.852141866503011,3.0461284196559815,4.067459214179385,0
8.293717847818874,2.8924945483400553,9.720818040324872,0
5.103284216024822,0.45484730313839705,7.391829455948567,0
0.15874616161124622,6.918450603911708,6.464432919193639,0
7.873052349442265,6.490972761159127,0.7752311631030828,0
9.362478494121943,4.44577656756068,2.2152076470214457,0
2.8113448381836967,9.213986896663739,3.578210189306116,0
0.8180890142990982,5.718196169113584,0.25371938871328825,0
3.343025359549193,2.504094708498833,1.078406533120313,0
3.4080196792272854,0.5443286017800708,3.3358845501896015,0
6.253487575535192,5.789344692589817,0.8553469907138922,0
6.2618521177648745,0.657902591066627,6.775644574745741,0
2.949167702341773,3.814554840451707,0.958302514054028,0
2.331119840188528,5.995758532544583,6.597240315676343,0
3.2819366893033197,1.9248131743078367,1.02689653726582,0
3.111882402275943,8.85221910038171,7.754956643702439,0
4.1869528836473116,1.6227998662626664,4.543020939536801,0
0.4219214987703168,2.1940588146413553,0.03697072258346146,0
1.842445122158849,9.898780435824795,3.6281714595773886,0
0.3001758869507609,1.1518929259778532,2.9057621538943135,0
5.8568639243177145,7.655327346914205,0.43904825861076024,0
1.9782499435619172,1.7414660914946367,8.853822295516643,0
3.3981749301801756,5.5450495515737135,1.7854143080106044,0
3.050723780408775,2.401499328735519,8.094877702917922,0
5.995491626079392,9.769815402935665,2.4454963893453474,0
3.276806045112881,0.5325897506966537,7.956119200592734,0
4.0094607053775775,9.211852236883676,5.839826215038989,0
2.1952628265980345,2.030004967159037,8.631682636915489,0
3.7410735528565375,5.505519739147939,1.3433031552748942,0
2.3379039962310246,6.453548526457581,3.590929351856995,0
9.266059192101775,0.9840910970112593,0.7134867727932992,0
2.0030659685848526,1.9664632286956396,3.2924129255133594,0
1.4928114313979535,3.975052850513048,2.2692630233865883,0
3.906361465432439,5.344905807557243,1.883386781422619,0
5.695150119210641,4.5153532653304405,8.94743794982474,0
1.0431317742828672,5.529067753079242,0.32059154111704347,0
4.8861332257716725,1.8669210522620927,0.694910355757572,0
0.5745318061599325,5.185316801894238,1.7182571684399295,0
4.108612343006229,1.5703545503016647,1.1074394828928757,0
4.782511423762347,0.6876299075031944,9.550967656343243,0
1.299322833899339,2.056770049762515,4.322006763361104,0
5.024750211594405,6.848359291177722,2.7544097752647643,0
1.4269198809364125,0.6397004294829534,3.9923691455162014,0
4.621674867474875,0.7319549202074571,6.94485714104936,0
0.10737361390931399,1.1468271694406562,9.171369756495995,0
8.415625330907591,1.7058909564089664,0.18066127650354424,0
2.9414465370887055,5.346538330722338,3.908495021496219,0
2.166724332750758,0.3444484541332493,6.750441307745785,0
0.5241525618884968,0.046657327463082154,7.724096952184701,0
9.288205523021503,3.746447034832565,2.385403230785257,0
1.0768382858950143,3.271414661607114,5.620541172235193,0
2.0711931537335637,5.417026534308784,9.389232279947421,0
2.1377998669360068,3.5657632591849433,1.7362155776466848,0
3.162402213512463,3.8918665955042786,4.587759317464842,0
8.150848916058065,6.499449955218239,3.689799610073785,0
2.185608551732959,3.0153424864668485,5.9886909648460165,0
1.0181358987488676,5.3618153029128734,9.90531287507891,0
6.1976622849248075,0.5992301655974597,3.745236284935957,0
1.516705853920276,2.0438533009617696,0.3790671555745573,0
9.775675044573351,6.480464250796328,2.8845510445945646,0
0.9175939242300257,5.926306512120894,8.312208786251626,0
2.363101281778853,0.781645136046395,7.249891047706772,0
1.6776603811020763,4.413760708473418,5.052925542696879,0
7.603244644096378,8.196038078796677,7.935586011558825,0
0.7193964968051114,1.3665634926306724,4.692584812321941,0
1.8962581458822303,0.12834272247963519,5.00699808674817,0
4.087875849381057,0.38826897684279493,9.216032484507375,0
6.02149326937957,9.517782454386701,8.415158999072567,0
4.116089921628106,8.76400470169787,7.276520793841627,0
6.361802486524857,7.766911148841228,3.443928123580516,0
9.870254931479593,8.163893780985717,0.01578577584554708,0
1.7063425612748628,3.7465138872265835,7.040471966142361,0
1.8563804180130994,0.5898206494685809,1.827293992726402,0
3.777285376539944,2.767622028608802,3.42151917738219,0
4.778971186667259,6.7280459225575315,1.008091420643521,0
0.9684185095927378,5.223345442994426,0.07261957046879819,0
3.784356982321222,0.5724154394347258,3.560292338809179,0
1.001773625842084,4.569192593585067,6.983082696930197,0
0.1663030411137112,3.602056121337003,0.4575428344009491,0
6.125923454311518,0.8136923125635054,4.279162804714199,0
7.342777429883073,2.9386297320704013,1.950769551988093,0
7.405812188401853,9.37210650653812,7.446177522987699,0
0.016784914642491433,0.6188493661627004,5.356030403812055,0
3.953123838394025,5.382929433313163,4.6060277011935575,0
7.32658102619893,8.104186521848419,7.004074136594353,0
1.37560959472386,6.959555259528884,2.910815693230784,0
2.1813647303252246,7.483825176630546,7.353188965561836,0
9.69726973388853,6.269725465964556,4.039939958229736,0
2.7521604025612403,6.531954738879076,3.6732305594982515,0
0.8263699056246543,4.892184409604171,6.6879220983742504,0
0.2302676131464898,5.729819088231722,5.726305654607591,0
6.445966489816977,4.336564786610256,5.7142309937802285,0
1.7993755642566078,5.547217685523098,8.005129718355542,0
1.2881599050075576,2.0622990021586785,1.6121026193962185,0
0.0008556431783046659,3.0059997771804223,9.462146158948137,0
2.3710035560081852,1.8807365105798335,2.9970922958914317,0
3.8178231306201917,9.036599335321737,4.000593755846302,0
2.541793933251922,4.253433640316078,6.945153708997662,0
1.926274203840268,3.721422595057051,6.573180530054205,0
4.768618687414387,1.2757220312253403,0.09497468819158805,0
1.5549128247471844,1.263683597942452,3.788006646004376,0
3.1273691240881085,0.901405933102718,0.7947486696163719,0
4.227222688161421,3.7909476586046784,3.732836989293128,0
1.1786540068734241,2.9917799296322967,2.935450394805579,0
9.331114438111703,6.429736354613976,8.257273874686499,0
6.15530248435988,3.285518012817997,3.5389274438592833,0
8.901962766232609,1.8615770639529883,3.545323238437156,0
4.920461192544135,0.8474377936941802,5.143185995408144,0
1.2384264851442806,4.874121547260168,1.5563040054922994,0
2.2609523289426168,3.9535882602862618,2.9928495261442434,0
0.4025630752504117,3.945460052866918,7.439239869357161,0
1.6031250108931072,1.9899192413967726,4.792949852324936,0
2.6579962014252168,4.210953227361129,5.501236728993623,0
1.0973278401552577,1.07879584973402,0.21152206704941223,0
1.524957249257607,5.112398355220275,2.4946678639306743,0
5.02333943628523,1.8118824950359003,9.92551668397128,0
6.34477191781447,2.293841922317533,1.3229581267597645,0
0.9093543041013263,0.5095536545181756,4.072971904648183,0
2.8055594073980106,3.5102451377798314,4.180741999072479,0
0.4755639420264679,0.40889129046618344,0.5213063702308196,0
0.9688722095599422,0.13661583386074816,5.517682267014953,0
1.9043360049223523,7.046600538922085,9.255006395178839,0
2.7149418895635447,1.8406634035408898,1.6000305542273796,0
7.082547043898303,5.521509209208443,1.7110909688420184,0
2.382167748499162,0.39090675410742626,1.48139476344332,0
2.4900807432484817,8.234102667121022,5.345949241234722,0
3.4746189886840337,6.051595357970791,3.691101619941135,0
7.262861239455906,3.6864000669370722,9.0216814338421,0
1.8151354386948126,1.8502802264390872,8.6235217136227,0
4.9051838325973645,7.29479992243697,6.475642717036921,0
1.629186487589258,1.7773426933213465,3.941973350000889,0
0.6945411967875326,0.720486896216499,2.452538345383417,0
8.079927266522386,6.032935164848711,3.778751297592412,0
8.265622482713464,7.634457560667181,6.444821129342745,0
2.4834294445900342,0.8359554609400388,1.4263560577182754,0
0.13496904018524436,9.663607627853466,9.576176910971157,0
3.3175631969353834,1.5451332363343873,0.5587550657634754,0
6.274858530134924,1.2307551518982573,8.249249014595586,0
2.9673849122647997,5.115424162630503,8.364833847827066,0
9.121669622086937,0.24000869890117182,4.271354331477214,0
1.101356537977044,1.0173625466575087,9.55849068476366,0
3.0156376678316485,8.175625449940975,3.483856832638544,0
7.213434636358226,7.85546094002867,4.784320132035744,0
5.77842879499891,9.5958531444302,2.784761424710439,0
5.5837446804289765,9.576157713949133,9.209041007619822,0
2.94697288128647,1.4414024230280764,8.533122059069601,0
9.129539088985098,2.4249740847004473,8.278218077464937,0
1.25133356028309,2.1186424345077883,6.190437604188682,0
1.947305893146959,1.084008820682768,0.7780857654438633,0
0.6531916716627728,5.971107558233813,7.565214403695391,0
3.5664914363383815,2.824021798278318,3.9813638851207553,0
3.3902070888013824,3.6031635570131804,8.559525530050779,0
6.103872329509038,0.7499828903388717,1.5240140681639947,0
5.47136052456004,9.689471185012387,7.814455173547181,0
0.9411399405306464,3.1371870018331425,9.340559713215246,0
2.8011732232951836,3.633282657963669,0.8922924154351586,0
8.05819251832808,6.981393949882269,3.4025051651799187,1
8.474943663474598,6.037260313668911,8.071282732743802,1
5.362280914547007,9.731157639793706,3.785343772083535,1
8.294046642529949,6.185197523642461,8.617069003107773,1
7.045718362149235,0.45824383655662215,2.2789827565154686,1
6.356844442644002,3.6483217897008426,3.701809671168826,1
2.669778220491134,9.36654587712494,6.480353852465935,1
1.7113864819809699,7.291267979503492,1.634024937619284,1
9.895233506365953,6.399997598540929,5.569497437746462,1
8.763676264726689,3.146778807984779,6.5543866529488,1
9.145475897405435,4.5885185258739885,2.6488016649805246,1
5.613681341631508,2.6274160852293527,5.845859902235405,1
7.920793643629641,4.22159966799684,0.6352770615195713,1
9.961213802400968,5.29114345099137,9.710783776136182,1
0.11481021942819636,7.207218193601946,6.817103690265748,1
2.668251899525428,6.40961798579808,1.1155217359587644,1
4.537237063292064,9.538159275210802,8.75852940378194,1
2.9844479144863287,6.389494948660052,6.089702114381723,1
7.625108000751513,5.393790301196257,7.7862647863055825,1
8.780095992040405,9.46949445297994,0.8565345206787878,1
4.752823780987313,5.4980359349494385,2.650566289400591,1
4.381000839145041,5.175758410355906,1.2100419586826572,1
3.380855621474553,5.883087184572333,2.30114732596577,1
0.7099308600903254,6.311029572700989,2.289417838111544,1
8.596354002537465,0.7085734988865344,2.380046343689952,1
4.726710263117941,7.846194242907534,8.074969977666434,1
4.026212821022687,3.3930260539496313,8.61672536352791,1
2.498064478821005,9.232655992760128,4.43130745053457,1
9.689962572847513,9.263669830081277,8.486957344143054,1
4.856411254507185,2.1374729919918165,4.010402925494526,1
3.789731189769161,9.85308843779726,2.6520305817215197,1
4.550083673391433,4.230074859901629,9.573176408596732,1
5.557683234056182,7.18408275296326,1.5479682527406413,1
9.687093649691588,5.791802908162563,5.421952013742742,1
1.5743272793948326,9.607789032744504,0.8011146524058688,1
8.902873141294375,2.4621534778862486,5.945191535334412,1
4.192249153358725,5.836722892912247,5.227827155319589,1
2.042591994235364,7.161918007894148,2.38685952615846,1
6.716902229599713,2.999970797987622,3.1617719627185403,1
8.808641736864395,8.792702424845428,3.6952708873888396,1
8.33744954639807,7.035399250873709,6.116777657259501,1
7.176121871387979,2.0359731232745295,6.342379588850797,1
4.235757725637264,2.7668022397225167,0.035456890877823,1
6.3711337730137965,2.619552624343482,7.412309083479308,1
9.03928571559893,5.4559028920552235,8.345950198860168,1
7.9612230488804165,8.607025820009028,8.989246365264746,1
4.063773898321168,6.206615101507128,1.5455333833220464,1
8.64605696219964,9.762060329309628,8.107717199403968,1
0.24786361898188725,7.365644717550821,3.3218546794642867,1
8.022351389371389,8.640640283752795,8.10749316574389,1
7.873745091354712,1.0809562640295711,8.721667829060898,1
2.224337175456644,8.165866055969289,4.603032346789421,1
7.953454991528618,2.2759548740777036,0.2366443470145152,1
3.282619511977065,8.643529420302864,9.668891040483611,1
6.414817386076277,3.9967838436006087,9.811496871982602,1
9.392371403247157,1.1534175185142759,9.704006110222279,1
9.625343157615555,2.654663625229686,1.084025472147111,1
7.285450606527043,3.136773141949912,6.0620885330614325,1
3.8519543334472717,5.765880434965995,2.547225061385819,1
0.01691278218629466,9.255751654990828,5.384519970927919,1
6.642376849112724,3.3020003604259642,3.139156450583597,1
7.197542630139502,3.003222682112642,3.0928466220865323,1
9.40363670730183,6.773179452727329,9.028055457325827,1
3.0094987456556535,5.479372131356982,0.004059396972875273,1
4.2988814998983464,5.79984781195682,6.547056237030716,1
7.9602476012678025,1.6969139619805473,0.8479553672512175,1
6.329408557657957,3.351882554098009,8.184234645366642,1
4.144410109977193,6.297653807377137,1.944352367397093,1
7.509644766184729,7.700461885740251,1.0658729656353894,1
2.4919827965997166,8.483363473516597,4.564618254701726,1
6.675777325863531,9.87892453066448,5.954523184694197,1
8.91425925810437,6.1265232276176285,7.192739612759671,1
8.30569169721415,5.478719506108284,8.972081032332621,1
4.746744368230534,2.5919154846501935,2.4723973750965955,1
7.658136842971654,5.212998128279821,6.267484369817813,1
7.064191416945523,0.6422885071387807,4.075993696665867,1
5.840794142042252,6.955229864979681,8.567320323039343,1
8.534479505691046,9.534303384701063,4.190212826298218,1
5.461323097338391,6.032525889412414,2.2053869432381887,1
4.043166691376371,1.6504473120350882,4.673901492323101,1
7.612297078940271,3.7912621556413626,7.520098235547849,1
9.999078285092093,3.499603437201839,6.50144093249875,1
6.517546552438894,7.542332040595262,9.496117327159888,1
5.639695819300191,2.1796454090650363,6.994649712461508,1
3.119572443946952,6.773472868504088,9.581728382058959,1
7.1501470504946845,0.7599647784305996,6.906144159329804,1
1.0190130544597653,7.7248088495122404,8.502932390887963,1
1.2105506506731512,9.838443515146713,7.826353463610197,1
4.283780132347444,3.7057087621805618,5.059607896770779,1
8.495756269995773,8.22330918090058,1.0553887064399858,1
6.355851061014459,8.287073110024583,7.07308643706077,1
7.337953040133919,9.654737312380776,2.7008239638740084,1
5.381729064482558,4.834975038831962,4.355744930038943,1
8.81631184002772,2.43863439190956,4.647084666032317,1
2.12119850179739,7.978323568280965,3.4033884316428367,1
7.011837503322016,2.762685757561849,0.10151114438677111,1
0.8561296195802126,7.200746641041943,4.885778468487874,1
6.9060933944652305,6.459028997409523,4.908213350785862,1
5.815555853323672,4.732604887595247,5.309219311457678,1
7.459354367136096,3.3079129719593015,7.028549421857689,1
2.514036762009415,1.2065588475230582,1.925842934515174,1
5.358639653837498,7.62189609484103,1.8514984243766197,1
4.841985872127087,7.245850010930516,9.766070228830568,1
8.68461197262944,4.908786945237789,8.727197349985346,1
9.410635967681033,4.7772918726568765,8.221156452994304,1
7.644434453261942,6.063176512429628,7.907408298434194,1
5.225725351302178,4.505144648887542,4.427210040193284,1
9.90031260466798,3.0538024431936037,6.2102732107214855,1
7.40089305484545,9.475902003253779,2.0778790582355136,1
2.3147623455602586,7.069558298790333,7.029875580937172,1
6.873849200712428,9.239110444825487,7.878280266467313,1
6.611830428533678,9.336684584455133,4.251389661042117,1
0.913268866309852,9.619111021928367,8.359586139061813,1
9.507862778063524,9.995724168774514,6.722815843032393,1
0.40231673144616176,7.562688304125571,4.705008232516335,1
9.160727879267675,1.8148914722312592,5.853296252778543,1
6.701335095211855,8.577330944003526,3.298036635789654,1
2.8821779536145575,9.451935395632105,8.135660347379726,1
4.5482590860172945,3.1451715717016793,3.232737862759947,1
4.041750570007457,5.145962523291051,9.881192147817542,1
5.42593594357195,4.1324757079932155,1.8758254139452712,1
7.564431540555737,6.254087421450089,7.59990536061017,1
5.492196390853317,9.276727608444478,4.381160950723783,1
1.2142608336261984,9.731468158216943,6.088716670819649,1
8.321431737689013,4.983755047071953,7.166033259917911,1
2.734248967132742,8.347239455766944,9.802446326033754,1
5.512650768804697,3.835860132471499,9.218681499315618,1
8.79326255146476,8.640269344285882,2.7624740282204097,1
4.149424235513451,9.3424839368252,5.077376758096564,1
5.51917417070811,5.43430062958673,4.553446168665011,1
1.8865237370710541,6.9749842762057135,5.717976419849011,1
7.755444750992588,0.43647299097301917,7.4470515156519586,1
8.114089025648768,3.8607875249098234,6.636888294845347,1
9.80818138659785,4.953286496164235,0.37019611345576187,1
5.901804293095671,8.697003133622154,8.741903740543084,1
5.259510868075614,4.569280744742422,7.224438275706426,1
6.5478132642773375,1.5436121877154885,4.694906009847319,1
3.385612340514317,6.927045985868821,6.498366525792726,1
8.52341336565893,8.593421841682666,3.8000939752265506,1
7.46766366737927,4.339714719231257,0.9844312638319797,1
8.725792326070907,4.436785516617058,6.940011627932345,1
0.4599096867721275,7.961434651622118,2.933677759652088,1
2.4082979185631306,9.128290160235547,1.4311772012850965,1
9.01209423598883,6.776108856990795,1.5797562207178695,1
3.455656244430817,5.875717051264214,6.389387023600122,1
2.5009822440770124,8.453039251425986,1.9921699910889235,1
4.832080610592161,2.372057019275746,5.719226923507389,1
9.926920436268976,2.9523075388326934,9.779444845768626,1
2.744803801782277,5.659290169556989,6.857994927340121,1
2.861941514591945,7.988601195075987,6.07064998164266,1
6.3661787800589185,6.2089116313030415,6.777644586233595,1
6.591815403167537,8.383371169625166,6.282481036868983,1
6.463406088905228,3.0893288395263605,4.408231901628116,1
7.323597679392383,0.9013337574621894,2.9511045162915526,1
5.30852373702785,9.13486974481697,8.304726195673974,1
8.246898125424073,4.818478298737412,8.064884937937665,1
3.3871525380188627,1.151697074497594,9.628932928688776,1
9.665002094627521,8.601405968988217,7.242167120755182,1
9.672697473000323,8.04587644020562,3.657750494055664,1
6.723407973510131,5.8456009165216605,8.224173012267743,1
8.238553513904476,9.093876384278921,3.021901745292502,1
1.3977701250722108,9.462615328819462,3.043645843560052,1
0.971919986218216,8.872593085285024,1.3566404870633653,1
6.704862188501712,7.431401215231715,9.459740857794321,1
3.7052995873443537,4.433830860607016,9.50555169851427,1
0.9935462460613032,6.856802654812854,5.444658614821449,1
8.48033188463681,4.547173685705172,6.62768738061978,1
1.475541799414437,9.005310356317581,0.028355514800163517,1
2.3793160609046304,3.2377146196202244,1.742462014061772,1
7.417180569541495,5.260855265978671,7.456652750339957,1
7.780170393142027,5.132379576091917,1.0905401000384551,1
9.454156429701063,0.43365036899171705,7.832269959803796,1
4.7898191099836325,4.016172545125604,6.860974960622327,1
9.097008291152292,0.734907157664505,0.8079047741079193,1
3.251854433186679,9.946277558609236,5.305568374313245,1
6.054267915353129,0.9917846167904198,7.017794185460662,1
6.5091666488130535,7.689627301047386,7.208399166575992,1
3.7430102343553684,1.5263892476872376,9.229850357343844,1
8.317718884748546,0.932301017036774,0.9656443256578562,1
8.117692852773924,5.563707356153501,5.86465082739477,1
7.502842502514783,8.68092148869065,7.2106067874614945,1
6.00410091224677,3.51646185693149,5.779185183898549,1
6.5673630298815215,2.242448691075656,1.0821838192726663,1
3.6756105061535016,7.626056319368497,5.741000043314627,1
8.45155161328358,9.745466021257082,8.184268595406696,1
4.007843439995156,1.4187465415126865,6.331720126555139,1
7.461117620057067,2.1513288003351096,4.198324937645031,1
3.700530924770039,7.215959677426732,7.76835619966741,1
6.7396871061311305,2.7210284354621894,6.619386928082612,1
4.299136333978904,2.8324647008044934,6.78486254760133,1
6.671325587363496,0.45417362604427525,3.9526339608762893,1
0.07687085899882873,3.0141936201843675,2.112339792203123,1
8.333542024198783,8.06200186566764,0.7207549659215784,1
5.757591607368311,5.73399680885843,7.094989615689342,1
8.444843598146969,2.4331647482273366,5.888712883029119,1
3.9576669685933297,3.1027456183586133,3.395132811484639,1
9.059227315800504,3.493752654723803,7.273791056739043,1
8.150370057500142,2.362688489467243,1.4644421827769438,1
6.023989852731658,7.60215295546892,6.555090105187391,1
7.728480892475602,4.941170250173887,7.544458252469858,1
4.48905256995063,9.241542583856594,5.644917834027993,1
6.245217794418948,8.642468748314162,6.2721740689977175,1
0.5689005083395238,8.316966316631214,0.7673100117345499,1
8.552933714560902,6.150083884155736,5.070678173339552,1
5.54316371338304,7.918177972653585,8.958767655568026,1
8.098159176979712,6.518374546486099,3.2152676288042836,1
3.4343777583826762,7.1431554916746265,5.045490015009574,1
3.3836714684141955,5.978858623829895,7.892269315636647,1
7.237336550024618,6.565640864104779,9.063426971636773,1
3.3336203606055657,5.827395145864196,1.4142838058431784,1
9.676965076927447,6.984799628118809,3.9195798433536035,1
9.380021995657607,3.095818874159609,3.7667930605630016,1
8.13184783814801,6.701163999947225,8.289589728944645,1
6.854144402775763,5.26393339734174,6.460248207334879,1
3.618280963467846,3.625976689820444,1.8026292287684464,1
0.7716508430087632,8.444283886858834,1.0114076366789415,1
8.351198266345559,8.836821654925616,0.3774749235756125,1
7.663076044472415,1.3104904142950802,3.767198708225247,1
8.313450566891255,7.710978137309884,8.090437196393012,1
4.376734051383467,4.108586114965335,6.763629221885329,1
4.441987098052756,2.8492793256335824,7.485365180954363,1
5.340111496982612,3.094678965627896,8.086238710907864,1
8.351133927257074,3.678409582250328,9.47130170244123,1
4.616799784409892,2.8177173270377542,3.818724341907105,1
2.500032115890071,6.411790362044472,8.74116945052237,1
1.0258973174840935,8.458922767334386,8.511660480847787,1
4.374725601949808,9.464132630117607,2.2203800690698063,1
9.308259047499531,8.391762876116056,6.499606842941816,1
7.272347853249318,5.277715058867242,1.1118686032423841,1
0.16435352205894427,5.153757302094061,2.419381344209933,1
4.292388931033337,6.148095827759507,2.405642388065435,1
5.260594453221705,5.0732769657978665,9.883314855964674,1
3.904537325600641,4.70135078158486,6.3567079146863,1
7.329410214506416,6.282569624756564,7.715013741098591,1
1.7508912705170843,7.791425934782815,4.646228997470377,1
6.317358477583378,8.114976818476064,0.6310053703222462,1
4.576795774473532,2.9344257117503125,0.43806275659123095,1
0.41905941930381996,9.333709799503973,5.153835892544988,1
5.430306976541859,2.533137652026174,7.532909188188649,1
3.569741760353634,7.8084156697842495,8.657982770780576,1
8.946374949550533,3.8664476826069216,9.73723584315309,1
4.975233924936273,9.243104666269636,5.1927585353494194,1
7.270813243426357,0.7892700605546787,6.024532988302273,1
5.454743973446369,3.21211428214594,0.8006891107499525,1
3.0649585609075247,6.026216277305998,4.261160728830454,1
9.98150597773049,2.745553600748576,9.800272791942792,1
0.7504116498815927,6.375125378832983,3.6331113065098233,1
6.794106078146899,9.527893962796078,1.4277946836254973,1
7.813119697434665,0.34798965798542025,0.6723336306210881,1
3.6632847310714856,3.8285440168877773,5.672446417241195,1
6.790620569133949,9.488235292655565,3.720133784706837,1
5.739217783338956,5.294598815362896,3.9803404595244993,1
3.869873800392635,5.616727107596471,2.617766765874958,1
4.462731124056162,9.963651121547608,2.85576877698158,1
8.986790307862304,4.4511119274245505,0.8779074110473106,1
5.421713612255623,8.913316823538889,8.51362050753126,1
9.273244567231778,6.377000225640162,7.936963838450027,1
5.516469339264275,6.119483626205209,0.8621548165193271,1
9.995950439343869,7.188696598907195,5.256956548303001,1
8.233393995083906,0.7375071291123902,9.72379731513766,1
4.499744956629961,6.801089906495809,3.4451478070269967,1
7.802629288383084,6.39793929366663,1.8196313655213736,1
3.4602308234187307,9.409040549315348,8.949259168211244,1
3.028246061088761,5.334780297683805,5.0257314474126265,1
9.416069878685958,1.5419426687956317,6.587328733837543,1
6.051389078618554,8.42530004113389,5.636180344312958,1
6.511299774855999,7.669590009163111,4.1658678366324615,1
4.98038060136116,6.271640102980843,2.896716568016058,1
4.829448181754195,8.04688154215733,6.849908411956767,1
2.040230135633987,6.066602628206363,3.1258249924693304,1
3.705401980502913,5.616512157483692,3.1911588640315722,1
3.8414983350160603,6.153774441639687,2.4827028038118657,1
7.631213751386285,4.982655420599088,5.147248392314845,1
4.948942035251763,8.82339476368201,6.542600368896171,1
5.36690749288927,8.471723653934678,4.309277693475405,1
7.275080633593919,7.638567641619895,3.6593735251756296,1
5.042555291232047,7.644041147072396,2.79720677623982,1
6.803986401188608,1.1881101972358954,9.75082815413784,1
7.948972283809458,3.390852999525653,9.389485669553753,1
6.062605224038041,5.1550573214725395,3.2796584763652623,1
1.625020458769394,9.9061573756114,7.393193605736041,1
3.3637345215167835,8.28289385957376,5.323398298758764,1
2.9979056473741372,8.157488332438241,3.683578098657696,1
9.798980311791619,5.837021418487863,7.9675481393014715,1
6.880436512027717,0.26647154963833186,4.745902140850605,1
7.829039914314214,7.761620251720721,5.776343958641829,1
5.8352327704763995,1.7051206174665934,6.290252411453636,1
9.482051707843013,1.0989552133369684,0.18937367506612568,1
1.5143125811934544,6.905002609185255,4.103774093227051,1
5.254771514000353,3.1375259873781713,1.7318242385732774,1
6.433090999994615,6.933133100298209,6.100765800787515,1
2.465191355273604,5.580866508074042,2.248670379928167,1
9.801605373213622,8.183774601305624,9.546088633914614,1
6.156770344144923,5.868304985708152,2.424580384102868,1
5.310414897327992,6.379445734086376,0.5249110683946279,1
5.503525657796167,9.290996801699778,4.069074515468834,1
8.783996215142283,4.774485204408965,1.9945597466760168,1
5.741333531753733,5.3515227689360465,7.2311767824242335,1
9.132297256698525,1.750647754809631,8.822449731648332,1
9.19634811850934,9.9717180308851,3.9699457427829965,1
9.366087447777629,9.621313800833423,9.26039697896443,1
2.8456165235004627,9.890994700887234,5.433004835569749,1
9.385605017408723,8.510597385779967,4.6802076900629,1
1.8619906912806772,7.36617895492257,7.9076766442525575,1
7.5728275025756115,1.7549491383846472,8.561465042734577,1
8.269898252763095,5.152806589597959,0.8673776984835591,1
3.0194583969161473,7.228825284009974,0.1143573419416799,1
6.927685904227388,0.6212433180053611,1.1822484780397258,1
4.054166129683972,5.025204712383896,8.951183698162541,1
6.14625448143849,2.191286009353439,1.3356878219680413,1
7.477348371508565,6.057389480890693,4.158456154312247,1
4.708280768793115,5.3751768769320085,6.640944393396638,1
4.467479774964833,7.037661251558726,0.7810272214744018,1
1.498523813824143,3.2811763774220646,5.20341541184787,1
2.0540148553936155,5.831476784410175,0.9094164445168784,1
8.086920831772371,4.534323001797819,5.132478432016415,1
3.959487099532575,8.164532259331306,7.458044828318156,1
4.088669358192483,7.689720625834827,7.658276829237117,1
6.4588081809716344,4.203619388823279,9.92856598580879,1
8.696202853107085,9.067673115245725,3.756455338019876,1
6.617925381254681,5.393002639188602,6.5353409841870205,1
1.7847362900411168,5.372584863980013,5.288425395440093,1
6.734998577765671,5.444453390250208,5.3193360849675875,1
7.250239459089184,1.1284463876647732,8.094781835391945,1
7.660534675139034,8.837566218453745,0.1564579636354957,1
0.486763212437491,7.405410784798616,4.022653508109063,1
2.1726921017755343,8.637302426700565,0.5644403502446094,1
2.892634513539188,8.157862567633169,7.315174831160183,1
5.979176742772624,6.725319014369137,3.2066511539298315,1
1.4326043416332868,6.602124238107432,2.210427404460326,1
0.6095763710676216,9.485202550267214,8.79713890963883,1
6.2599313764833,4.2720058229454345,4.956207874930209,1
9.415864098319117,6.713425247457224,7.85804595980518,1
4.735188204122199,8.493409322600405,3.007364187951478,1
8.057761599348868,9.147411738159054,5.623859495869091,1
7.245847123072019,1.904816184307383,2.684615878549812,1
6.029220449890759,8.736204584895397,1.8816329393275533,1
7.243052398521491,5.588504762725273,4.793942064709148,1
3.329643108188213,9.570197605266731,0.15333706228492838,1
9.62077556114459,1.173161994433345,9.995720070178116,1
2.425931818457415,6.044015340787812,2.045131429778937,1
5.520792925478145,7.755138820637702,3.8066174437292255,1
0.9860823156548004,9.813184568465767,4.694904220225585,1
9.14330498897489,3.707049214312584,4.139301705786246,1
5.791429260374005,4.1757807355517365,1.5241141018414328,1
3.7983977474115416,8.333627152869852,4.993014823693224,1
6.848466123459062,2.5732675763488277,8.215919396923564,1
6.416944543987072,4.905955825807824,1.68233645951541,1
1.6926571086018172,7.203135307620937,4.883163212541324,1
8.466973831827223,9.451881112008982,6.682155433931528,1
4.123922224155927,8.425447168253484,2.3143339207744553,1
6.667547295533397,6.165193610843379,4.832041536218251,1
2.74740737197832,9.774793482325117,0.171425976024272,1
8.152143907132826,2.673247366766358,3.9689642249807147,1
4.0602740987388595,5.6500218244796905,9.902330316397274,1
6.840416254703855,8.478671020315357,6.537357195591531,1
7.595858501768448,0.9350050542710941,3.792640222398159,1
4.339096519716623,7.843763107901111,5.6585662795103495,1
0.7434805992565108,9.255848100809231,8.993116508650086,1
0.32901780153471893,9.287663612546593,3.1448469322665096,1
5.870361040844884,7.522544698468651,7.127113999493597,1
3.891566073673588,8.965257670027198,3.317298396218286,1
1.399505942351973,9.88477957914103,7.2416357009431485,1
9.743233274359964,0.536964319473936,4.370882528434992,1
3.4059274647510596,7.690056533654424,9.548583969146659,1
7.735549161313225,0.2962565894516511,2.733270286287973,1
4.906034561107933,3.558111977058479,9.411428449707254,1
6.796948580881589,6.606719075148755,0.8569411763673573,1
7.980551738027466,7.131085326783857,0.8203800967314856,1
7.116771547786167,6.339008819630509,7.396552889765946,1
5.547400006088678,4.080441750831375,0.262619040132972,1
9.052075743133589,9.781730640138873,5.719604307495395,1
5.938063980390787,1.9554822488026047,1.06972367580902,1
9.488234623945651,3.3221721531162696,6.2019218787468935,1
9.742253765046069,1.361244715782648,3.2066515537508766,1
2.9144815158005324,6.9495776767211,4.910073128921023,1
6.8171263313008765,5.500991569974728,9.53004611486296,1
7.0836705125606345,4.3845495430890855,2.913312079852953,1
8.189655680044584,7.956568359959544,4.091415902449015,1
6.333360396536635,2.4202116767079884,6.586629685323181,1
7.890767632200629,0.7396513558228845,9.90700614436968,1
4.008050973293736,5.066126430295091,9.203921844782958,1
5.436452033874777,7.9072091704925915,3.5952949301625994,1
5.369059860245878,6.381803670108411,0.8498193405098775,1
9.836082059519827,6.774718958641857,3.996177462250823,1
9.657167777138282,4.304555438901822,0.10547772784579967,1
5.106762405250446,5.187977668493495,5.805182955240041,1
4.457785515049068,3.911341686775028,7.7234223246243205,1
4.159754285257126,9.617278656799703,1.1606933795897467,1
4.829259987793884,4.761625312091635,4.381659382730271,1
3.189094742177004,3.002640831819403,8.10185936918698,1
8.491800080469098,6.479699172777137,6.77139332890884,1
9.839004705882779,2.439129465519927,1.7445323282413394,1
5.598489524898631,9.584626217339498,2.3185554741141035,1
6.141069373719198,1.9732443578224634,5.922031583603683,1
7.047356159597344,2.057844793673219,7.5232549536049165,1
3.259849115988185,4.575504222061855,2.623533954523609,1
5.277150196277827,6.391085856661506,5.969708292829935,1
5.87004714565218,3.479246374367544,8.455178026695592,1
8.137382542609338,7.059883609459801,2.974448346993519,1
1.830445183314835,6.9343654171644555,5.108248694871609,1
6.934329265293552,6.452600950799504,9.99899552563092,1
0.5361126263083682,3.5903917217136883,0.09583439563281226,1
8.152159406538619,9.638290894149398,5.0543801973067035,1
6.846966705599865,4.156304352741119,8.398918021012227,1
2.7485291827353397,5.376086182048194,1.682089774365737,1
1.142066513589688,7.751130278639955,8.232828079975667,1
8.226109277962614,0.4161052227023332,7.189802411300433,1
9.897757278766832,1.024164388774983,8.300707165425397,1
2.9770893510289365,9.993126692789078,4.497323428304138,1
8.167285851164385,4.39069903383333,9.93957684318617,1
2.369460553666812,8.107027168394103,5.879238969768106,1
2.8108501879019796,5.38768546047638,3.2365361585468166,1
6.7929931592331005,0.9522516381434276,9.62771994993792,1
8.660787949911569,2.496772419381398,7.11394848839169,1
7.614735874798569,6.76234553699946,4.894587259156378,1
8.801250813073235,0.930947840426174,5.15613472087699,1
9.363361140885752,3.69071174075422,9.502540788653826,1
0.024730851419847433,7.7413529043769325,7.32724026539487,1
5.344244643875649,2.1782993501520584,4.2964310068523615,1
2.685368383144225,8.28343617048808,3.3775515517078736,1
5.661421109171403,4.85337904008505,3.437396205526192,1
6.499971993406527,1.5897746290581938,9.327255627259243,1
6.5458796441879405,2.5038927854910886,3.7184376764676577,1
0.09286947608460161,6.955971072880487,8.171090269132984,1
7.307633817639711,1.0242717044950667,3.133514774409062,1
6.500202131578069,4.400994207798519,7.224320263643223,1
6.075930989155233,7.789696525132599,6.904760750146538,1
6.584053700851439,3.016493335771986,5.177491277972375,1
7.478436409812495,2.955420512420667,0.5456913101525296,1
9.546715113471528,4.948877199432669,1.1274366260380853,1
5.939297681377232,5.282865009361842,9.776969478433356,1
9.339244016742159,1.3198288073270203,8.608140039367475,1
3.6541246284809867,6.829420490024262,7.627259378955857,1
7.703670492246139,0.16689401770856205,0.6753256927276718,1
6.2857069606057605,5.010489655070751,4.154319943754019,1
3.0990688561664195,5.113046982953314,2.0319749395782782,1
5.363901728894583,3.907315029683497,6.342942473532567,1
6.810556847092104,0.6611508362121499,6.9867588160549134,1
8.464681151407763,0.5790594402313043,0.8621279839148932,1
4.533718422971427,6.088324044274436,3.092900638735262,1
7.4065818023417815,1.1944300690788745,7.0790060711809835,1
1.6383263093540756,9.530162017546976,5.230053627284082,1
7.20765518093459,1.6696295419238083,1.2693060748112484,1
8.071078466573699,2.719805950213537,0.6387198912314807,1
4.996100057613832,5.668861282384499,3.6768777785681173,1
4.717645895777381,3.829794743673991,1.5008466824115008,1
8.574851977479724,5.528647884958645,9.13947669521129,1
4.193693043627985,3.2180201447206125,4.162565985013154,1
9.019410092582714,1.7934435027230566,8.043380194587566,1
9.540794074604277,0.689264377727451,4.650941779168861,1
2.0067115345295585,5.638067408241869,3.0390930726808296,1
4.639266905804993,5.9169093498481615,4.933606758548849,1
1.954224238728235,9.004432972264233,7.6048222032169654,1
9.969592701075484,7.116524747001027,0.9302663835808822,1
8.972874719314593,5.19759218492037,7.008469096986795,1
8.19962891894216,0.7483048432987749,5.678207282892083,1
9.642182747327407,2.367717347418965,2.6099093892361003,1
8.008168219994952,7.007256063215421,7.3535286878236805,1
5.847080358041289,1.554105513219367,1.643749806997682,1
4.065125519092137,5.3592454909002365,9.646347222502287,1
8.359247509879863,3.2779365888479193,0.9121290379134861,1
3.557427555042837,5.134596753787295,6.771833769890718,1
9.906766204079071,0.31082093358759555,4.043922264471746,1
7.480784472087092,2.4985262822155105,4.62043248876239,1
1.3071523754397796,8.236734151883558,3.7223974381599767,1
6.446850157085018,5.823238014140632,2.5882065234652583,1
1.2879154899700451,9.05077970380153,8.29356177217418,1
8.216854015322838,3.949986882219194,0.2948229300029148,1
8.83423798893626,0.34649443731505913,6.191765488458958,1
5.258140582527798,6.3075438882475545,8.021680827711275,1
9.89403615761534,7.81915766845425,3.59112109837565,1
4.846794854405083,9.12677016598367,5.023932555437417,1
7.785382813284745,0.5859123027811852,9.915313234305708,1
6.568644213762342,2.6652700106568306,8.162851616087348,1
0.5590865585244975,9.963920485064572,2.1941158604392488,1
7.973906873794087,3.5480463456515987,8.392222523059093,1
1.7610036757999004,5.925195091814127,8.062102253593883,1
9.139800041285342,0.2820656972715907,7.005608033514182,1
5.636064867831937,5.631088908640184,1.8823366490525628,1
8.816263598977603,4.922267238954053,3.090530721512196,1
7.169376326908161,9.18780787307206,8.442840864376507,1
8.464808875791347,8.606694665915507,9.60558750275758,1
9.419232134680417,3.955955623538543,1.0103217018068633,1
9.606621003687382,6.49180265644814,1.7420267095553066,1
6.93560398292543,9.288452089854253,7.869917925955768,1
5.889501557831036,1.753516299902208,3.0682322929795802,1
1.273483647235355,7.28830955935999,9.487881042212877,1
6.023886674509712,9.210382164180794,9.675316856159355,1
5.655502461203205,9.366877935542542,1.4064336814856837,1
2.379959251493969,9.823796549403568,1.6788741675158414,1
0.8872601257012636,7.089658131452245,6.39102687904879,1
7.325844944987686,9.691018251056851,8.845519975872275,1
3.78712574774259,5.460239676784543,1.014285596371216,1
8.640507204685768,6.509695631134774,6.871604042171144,1
0.7370938956137418,8.457624840245604,2.9490861311613017,1
9.516621314341206,0.7420040176665932,1.701052031511907,1
9.424422581019638,1.649971947619141,8.897532704040437,1
7.220381045756756,7.299740056702899,2.6526476934997656,1
3.083534001177294,3.9746734850812295,4.890968121206573,1
3.69401664931945,4.457752707944581,2.6329596668288424,1
6.6746845913456845,0.8570731183991709,3.437913865460467,1
9.707055371735757,5.8972644230360345,5.536019061579088,1
8.184052148653736,4.186320749344505,5.355144119789297,1
9.027772013391541,7.143056991303599,5.021014703156048,1
7.571887556391934,1.7287897280649445,9.84367990249133,1
8.084607213193632,1.2618599863853974,4.233748993155995,1
4.353932455325072,9.972692267787757,6.272262122323978,1
3.880991530147507,3.973549943570359,3.2612680536973606,1
4.581571811226151,8.73466253372757,7.865506388277717,1
5.87934133281388,7.5837738785767295,9.396499849871098,1
3.438691785774645,4.1089003729922045,3.8304347287705287,1
6.089621519524352,0.3746567049771343,2.754141420347538,1
6.08655264085627,6.936612531670921,0.38782532481795085,1
8.970313621494226,0.2023288859327188,8.173859253052775,1
8.689000250991986,1.3438552096844048,9.742194246033105,1
8.258233317797504,2.6941998100876363,4.167727277053828,1
7.594932952262567,8.671889705502258,8.210173923984602,1
1.5897244263900046,3.1112309328890886,5.067952752365555,1
8.512953409871923,8.79332591359856,0.28948159320185685,1
8.329299330765513,8.36976677608695,2.494902613242793,1
9.180310693411162,7.046339452200366,2.7397749847435895,1
3.7246676153530722,5.940435934521513,1.7758369416386166,1
5.868802484224268,3.4975990164465456,1.6351361451785085,1
7.489611344849333,6.888505376159543,2.8506937643476196,1
1.629074055986205,5.722580610203007,9.64917609202255,1
6.47379891761482,6.776952460909707,2.6908357926895707,1
2.5239044136065147,8.050855691954864,3.0545969838455678,1
6.42740311290164,4.23806800659619,3.7647545227100077,1
2.51998709277876,4.666980154972157,6.771961563873133,1
8.43283950085777,3.7422976316107146,6.4734212006459035,1
6.405947456146558,8.614916002518306,2.6114690792649684,1
8.923737976809328,2.9879111191898646,1.4992929635415653,1
8.996870447454949,8.054298226335298,8.023637444528116,1
6.60530323681129,6.807557503873818,7.212831975926106,1
9.974690995782959,2.5942627271198893,4.185656860813416,1
0.3531900482642425,7.080689593758711,5.720424340368412,1
7.265498765809035,2.223631939762689,5.346351015442131,1
9.065265055050547,6.718684759624089,5.073148556068153,1
3.552833961198324,7.442099293428081,3.0708527133220853,1
4.705365676706802,8.663933696925397,5.835746197425805,1
0.7121573740407583,8.894260614703878,5.004773744927044,1
9.066209345061276,4.575714330615412,3.1638345764870888,1
7.789411774338145,4.8758084574810745,6.310327722626951,1
1.6860575658290766,7.644837361457579,4.895770906300164,1
0.880413437590446,6.144797387250618,6.334875407025942,1
9.653278401300332,3.8331642005346067,0.37725318474937986,1
1.9057670994040454,6.7674814167711,6.266869286716226,1
6.935247471703971,3.443497740633209,1.2893080042830274,1
5.886706881680719,1.6702018726830936,8.238438296744103,1
2.908277918094866,7.278319114468128,5.963699186155024,1
8.879740438370417,9.954724098279284,3.4273283925755993,1
4.033916445011253,2.284182848358255,7.271688281363213,1
7.3407661931152095,5.896928347992416,1.6898474189014712,1
3.802537629276146,5.472823847289256,4.7439633832773715,1
6.95192029220909,6.303113401629369,3.0111645475679225,1
2.6299391561373184,5.2314610759258064,2.0167318998218944,1
9.331243446518775,3.306036161967014,0.027379990573926927,1
0.9008267357592448,5.117053469646589,7.235636168984789,1
4.642773572361484,0.9980891505761746,1.747018089453909,1
2.9056717723767944,8.015961026904474,3.1270710696276427,1
0.9499847033058029,7.582040048412383,0.45889087093415215,1
6.63355027490844,1.7051227635637534,3.575274042377443,1
6.2180703333250715,8.784755373974736,0.929513154374223,1
3.8571548975931425,8.50671578036584,7.998990969489501,1
9.424669879999,1.5939539748216491,4.1602771663089655,1
8.02264784045096,6.783931362492055,1.812605605373021,1
7.045681764806231,6.779289210201643,7.675287182899103,1
5.650122256873914,9.778955575507984,6.698443582143154,1
5.231031752246739,7.0058018429755435,0.9524213845169471,1
6.433987165568129,1.5692737330174122,8.488455747760007,1
8.694156346127679,0.7486524247698478,4.916479611444013,1
9.701450487834002,0.5035071452654394,2.22706523168799,1
4.97373348066501,6.533730031383717,1.0264332148015243,1
6.190661537463823,3.0459795810364856,5.083377403194649,1
7.593199510791171,2.2174710782019003,3.413571145768387,1
9.6443368345434,2.919835638082815,5.219850866041359,1
7.215590954513159,1.06961505519519,6.108517661386838,1
9.302162591531452,3.9289648991517345,4.570460082929889,1
7.16787914469343,1.07765747287492,4.144703451283302,1
8.37466237486465,5.888111078979014,7.721451736372288,1
6.584566950002026,9.56190321625751,1.3463601443063278,1
4.829319635359263,5.083328990718833,9.211623140438011,1
5.785543857041766,7.3049466174277775,1.283817820515778,1
6.005460218054113,8.82695863558678,5.041101193531644,1
9.795007602050429,9.159102416970992,7.623746562617927,1
4.127454728076193,7.000142848971251,7.484268658779161,1
7.01494310407385,8.60707546129158,7.118743563951451,1
6.325832845072639,2.008890823253444,6.241675892053882,1
3.452935808985811,6.72373713051317,9.813354962348672,1
9.583264528051965,5.038934390432496,6.943119737273263,1
6.671572380522164,4.174779331255218,7.47868723376587,1
2.859279802253636,8.473010914205489,8.08304779326696,1
7.501850186700537,1.6093539434323,2.8661554815910995,1
8.393818144651712,6.905948503640101,2.95140565961606,1
0.3230638324232715,8.140262175544686,1.024800063379766,1
7.3949248017285,8.648414852046026,7.4241273587286045,1
2.3759547256620452,7.843071728708866,7.988217524895704,1
6.644935685916236,9.264848111687796,3.875546486419903,1
2.513411283723057,6.20561695611849,7.809248928758854,1
8.299834819551444,9.114863770737387,7.046290688927877,1
7.551077052085499,5.466151367012413,6.0338697728864155,1
9.642898231260308,2.9417772180449155,1.7742589848826318,1
4.285078144007342,5.56598620595333,1.3006653011537228,1
6.1560867609933005,6.61890210964939,4.905509411536766,1
3.580855881637394,7.840314485705014,3.1785900537218947,1
5.304988956068247,9.966310826043387,8.236884009252023,1
6.137010970607943,6.21131697623634,9.588968160739334,1
3.2093701050708145,9.159324302986754,9.449876704318376,1
5.402373129425615,2.8282899427939743,9.113359266286182,1
8.982816089058533,1.9251238793367709,5.138947001274335,1
0.6547182210371993,6.703351261430567,7.735822663692766,1
9.762239213390277,7.752067404630613,6.4656115931834535,1
7.468908256742621,1.5375457721764552,4.592252352600417,1
5.749622942627916,2.276456349416567,2.5864795899117565,1
6.302172646257879,4.330250346392709,0.16890968304141274,1
5.348343700610021,6.414227464816396,6.183493589106021,1
5.856080133133892,7.008820313830021,0.7258944479897711,1
7.652742410204625,4.37676149468225,3.9511325822861765,1
4.739876773679514,5.334677638103495,1.3638146032954679,1
6.772890455050625,9.141689163846179,7.950171222324593,1
3.73130514900324,9.494651035305127,5.53524187764279,1
9.469793892288719,3.046911523495084,7.482965867327934,1
3.438516498486469,4.126544960262479,6.459315035600874,1
1.8135798477365006,7.996600536055314,8.522511277674758,1
9.323698654031485,9.943130504254334,4.612652036895939,1
4.871904101337485,3.3085093168272337,1.2821514659595157,1
1.000450572754229,6.195157771543329,9.001185908429218,1
4.50645978214935,6.163424302594532,3.0567548940672076,1
5.655520079051098,3.644934356786292,3.1633315949632914,1
4.361240660896884,8.401100587806553,1.3430583238288885,1
8.778858295079615,4.628483760756103,3.5874160211359674,1
5.516718261601971,1.7577016089522535,6.0662766607086125,1
8.587136553707992,1.400016687161999,5.386180370780224,1
5.9003631184071805,9.063035773981833,5.515939985261583,1
9.987281750118518,4.721039507829259,7.751972388374282,1
2.2330664762435504,7.721448435604628,7.33226827212901,1
4.647011421704528,5.104119933437855,3.9678515764970745,1
6.626784893786967,8.479818401038665,8.065400569278985,1
9.487118316129784,6.594133069529767,9.67735559837513,1
4.835034157274309,3.5879553884580595,2.1881911725902836,1
9.077260925729608,3.6125136455962883,4.696742290102089,1
0.46437457501178114,9.805897820631023,3.2407111006397757,1
5.213729041335506,8.296471556536503,8.348722662173934,1
5.4435006208837144,1.7384981644645003,6.536753131338843,1
6.533365465568498,8.354690676766445,5.166628975539387,1
9.072424264468196,5.163717821675703,3.528980077597257,1
4.8686156267417555,4.821100897131259,6.042109802856869,1
4.8151664938948615,4.788146427200822,2.1070395105176343,1
8.333649963952542,0.2244603815429136,0.43144331335165376,1
1.61129140367538,6.29540424888155,0.39190865239483563,1
5.993575227949297,5.636047023357652,0.1862003563723691,1
6.617450626291581,2.8345462640564048,0.8574850273574453,1
9.927758237079788,8.673023989920944,1.7056678398969627,1
6.0083871441120005,7.946160702604512,8.204531801304974,1
6.59648750057853,2.645206985452897,7.241867980777559,1
4.534701451400918,5.905959909323073,2.2981378717877976,1
8.275217786520734,8.969689528475316,7.748704230678033,1
5.220442296615541,3.703774502487801,0.43438283336481476,1
2.2948625637905016,8.023001960078137,7.895555851509545,1
5.890480861412065,7.41394042282245,7.615392270474919,1
8.590532473014115,2.8326666800895586,8.767663131932245,1
1.8902101371787072,7.091488372061079,7.894224823051249,1
2.5363272623198396,8.549769262679286,4.235615474333631,1
2.7556054287998877,6.806057050634484,7.549719006098334,1
7.837884169635375,4.824677570068806,3.7021296887914703,1
7.357824306046107,8.549989228235969,6.592828491262031,1
4.465948774152193,6.9931144229505335,1.6179511770813626,1
4.005609064257229,3.3843784630934692,5.5057621459681805,1
0.6408045636931059,2.21770244619512,0.8003973669580267,1
3.84326010426022,9.844481006312732,6.139655907167139,1
7.116058317089812,5.9747256381409635,9.457158578456077,1
6.40291314530137,4.389720485412358,2.017072428060146,1
8.039099091153837,2.860065117086954,0.33609351396258424,1
7.796728789764172,3.5312766335652803,3.9514311705120617,1
2.844937870363794,8.297648024492998,9.15008973948154,1
9.632876650654888,2.765078486971222,6.063634079922522,1
9.297138408121203,5.749067217458147,2.6110750567193906,1
8.029422425723574,9.567093495852752,8.76113046243067,1
5.74893878773909,6.941918614713001,9.660554556331059,1
7.699671927338335,7.574732850466725,9.612387253016143,1
0.6755426066125358,6.336617975581885,9.941980333654755,1
6.736979167818138,8.210746894925302,0.7602882053368909,1
4.7655545408928965,3.535379262161711,8.943162528702066,1
9.471181090634781,6.831073085237685,9.099274589878878,1
1.996665390943092,7.354290652428307,8.72742498408298,1
1.0668929010539119,9.201881295329896,6.758121248765265,1
4.822920812010506,6.206674748317667,4.92340377704212,1
8.969997731932951,8.687688356245534,4.908053516065467,1
9.160068296725573,2.8026662318318705,2.220927830798133,1
0.5414817128878413,7.99269917779981,4.7832007661204345,1
5.024752121216726,3.937169228523979,6.863386465303894,1
9.765071952370418,6.982445680961396,4.6007059004643,1
6.127780963617714,2.5970076909029807,5.485634003791886,1
4.713453647384554,6.1308404313844775,3.6592415112192676,1
2.1053248211065636,7.007126268163008,3.7230962786881605,1
4.322187517308349,3.8088338223146803,1.4584373533753636,1
1.4954805726548293,8.056683615575901,1.7660727665961284,1
9.955617702996015,8.493899153966604,5.170069749205006,1
7.853329366938784,3.000341821534487,5.621384520717112,1
3.984019018633276,6.905431759606442,0.600363777240166,1
4.765394243521371,6.298622123621545,4.498548190637917,1
3.609620210551215,5.603500348142645,9.318445757777681,1
1.9895811063687319,5.758944574733487,6.491309518995751,1
7.803090980992371,3.5510903839089183,6.7319284014735015,1
7.3652616476215504,8.896324491382204,3.8107099841284575,1
6.317121904834689,1.4484833827806742,1.6757553548053383,1
3.373883099989331,6.31273408325837,5.716375738737934,1
4.448983876479717,8.628064836470026,3.631648402504287,1
7.277724164324044,6.620225478086397,9.404373373379956,1
0.8006473787554713,1.6691046503965246,1.0300931405688607,1
8.786909764497414,5.484337438182938,0.2636491336624103,1
7.649963721335958,0.8325120139068665,2.6245226426498713,1
6.548326755433498,8.854713170963988,3.0937065354999858,1
2.84175280058089,6.264806846261896,1.3127711062686387,1
4.761547406553736,9.749815454400947,5.405841613922831,1
4.448449323707439,9.695422645545461,6.976228769070474,1
5.975841988365607,6.310475226410597,6.358511364258357,1
5.234598043545074,6.395282487108121,3.096613281139966,1
5.396681221360597,8.047077662464531,4.418603055765344,1
3.7364387652703357,4.117358690661346,5.605543586396155,1
1.6326949533028878,7.371178541033774,3.897232698531959,1
9.09954403439285,8.075749404275756,6.846402903785193,1
7.429268921311517,8.08808649099037,4.129038765132473,1
0.4963207222309862,5.349707530597662,1.8593759814152566,1
2.6919513288914554,7.15195942211275,7.27107070447535,1
7.994623519360702,9.979634461655994,4.636844672034293,1
7.756529107125235,0.7138469474905684,4.701467765987197,1
7.681456708511898,2.4896236050723406,7.712253330273345,1
7.376190125535086,0.33510291570275075,4.608346353122799,1
5.211391200572839,9.82115851405614,4.728255449915152,1
3.1210936558406974,3.2306318848290614,6.291642541306993,1
9.374209236322338,5.209262529175096,2.533127403350889,1
1.9872363180239982,8.875195760435425,8.636576657496004,1
1.1292845931623752,6.3290896590174475,3.245134876300968,1
2.7610004383844777,1.1964959201073866,7.891437801948885,1
0.41993369021095406,7.834752402510599,4.752706787616501,1
3.713986633032337,0.8947990274967443,1.576984561973751,1
6.186448584379411,9.30848784518627,9.969731029835355,1
0.5977513160942249,6.445748966479185,7.01328140023003,1
7.56697523201389,8.055253765865858,4.387188980965973,1
6.892499802840422,3.581674972504314,1.3473217376095226,1
4.853021331625131,4.375000041650592,2.9471459644089695,1
2.7532446285830314,8.313495933911199,9.14474001978046,1
2.3878655821602113,7.210035626839232,6.582894173798199,1
3.8749084018073567,5.2406976881045235,4.975491595695472,1
5.232005391932355,0.6667984309626562,8.351933578982914,1
5.71012181354699,8.362995266064914,6.579212582849684,1
7.013140215747126,2.5593853033397806,3.663540200942962,1
0.70873960950122,9.30211036809051,2.0873809349350148,1
