salary,commission,age,elevel,car,zipcode,hvalue,hyears,loan,target
113322.15255985086,0.0,20,2,8,3,600000,1,310213.541191816,1
107411.21705832538,0.0,38,1,12,5,400000,9,325391.2492444183,0
88460.69498482207,0.0,41,4,8,5,0,22,69282.58619319648,1
78685.2213763806,0.0,54,0,4,8,100000,28,358066.1933277234,0
45214.3975799323,50956.59887974934,31,4,4,4,0,17,254542.29533188048,1
36571.12824045987,56012.47569296068,60,3,7,8,100000,23,62675.95128167453,0
50782.51411171369,75000.0,80,2,3,8,100000,21,240004.54386970474,1
41285.33050736865,28269.957314572996,52,1,14,2,700000,9,441301.7708453205,0
32382.035847708834,12634.990792007542,62,1,6,6,300000,9,460838.1326945199,1
104464.15499936872,0.0,50,0,11,0,900000,14,220007.6875578291,0
99812.06183037307,0.0,64,1,13,1,0,19,125385.94544750832,1
88189.65151634031,0.0,49,2,20,8,100000,26,316272.4119454098,0
125689.90211771915,0.0,29,2,10,3,0,9,298828.4537669183,1
44929.59553890677,59560.68392088562,53,3,18,0,900000,29,299692.697694824,0
74687.7192812008,75000.0,74,0,12,3,600000,20,94384.91240526026,1
35586.26837834346,24955.538646801535,46,2,3,4,500000,20,167695.9737972768,0
147890.89123496195,0.0,36,0,4,6,300000,26,132310.90771135382,1
137162.62137184606,0.0,57,2,4,4,500000,22,248232.82138262672,0
102511.08952404739,0.0,76,1,20,4,500000,28,0.0,1
90483.86791996517,0.0,47,0,8,4,500000,9,69218.59796089525,0
20000.0,63061.913381965096,73,0,14,3,600000,25,275736.64848050574,1
150000.0,0.0,61,2,15,8,100000,29,248659.94905638014,0
95992.81980928083,0.0,67,4,16,3,600000,1,321855.4971068369,1
137517.89815652586,0.0,38,1,3,0,0,9,106077.29937426836,0
38145.95780894324,56293.69237492837,67,2,6,1,0,9,472025.83066870656,1
94321.29274408404,0.0,43,0,14,7,200000,13,364339.92617453076,0
135095.611034096,0.0,71,0,9,7,200000,14,283679.81557829556,1
101058.03107660294,0.0,49,4,8,7,200000,15,240483.276952967,0
45308.47854296614,18843.77299018815,35,2,4,8,100000,23,70874.7915463265,1
70931.77643179397,0.0,41,1,2,4,0,17,22216.27105755791,0
127947.76789641684,0.0,80,2,3,3,600000,24,248937.44846754463,1
65487.07194048278,55771.08079936856,44,2,19,0,900000,22,54816.011945170016,0
45626.9165180446,40041.225192793565,66,4,16,4,500000,12,365983.71565593884,1
127907.64121234603,0.0,58,4,1,4,500000,23,386667.377734064,0
93565.03480822858,0.0,22,4,15,6,300000,15,185811.64348437078,1
146051.81236238495,0.0,46,3,4,0,0,19,372126.9325828138,0
134723.44098828683,0.0,26,3,4,2,700000,23,141609.42740412435,1
34640.21222410082,28036.10409603045,55,4,5,1,800000,27,460953.78224674595,0
102224.72952296199,0.0,61,3,5,7,200000,14,214297.44098863413,1
69774.21300247408,10000.0,37,2,14,2,700000,15,257047.01014359968,0
146588.23208441594,0.0,34,1,15,4,500000,20,0.0,1
73305.59684285516,51680.07975663511,57,2,5,1,0,23,2383.1995518097356,0
67696.62434308589,29280.57716180701,70,4,12,8,100000,10,399107.83516388736,1
47458.98464331626,13094.475702666196,48,2,19,6,300000,14,26309.77110701435,0
28026.455444258758,66552.64733636726,80,2,14,1,800000,2,169230.91406301974,1
92856.81993860469,0.0,41,2,2,5,400000,15,500000.0,0
78876.02547129097,34017.99384444533,30,0,15,1,0,23,290267.0167791395,1
118712.72751670478,0.0,60,1,19,3,0,10,128748.57474816602,0
39209.15306095828,22504.21884025437,28,0,1,2,700000,26,355580.69790551305,1
20000.0,47302.592017986244,47,4,19,1,800000,8,500000.0,0
31297.23983661739,55020.60720098913,25,1,9,8,100000,14,500000.0,1
139357.90467950306,0.0,47,3,4,5,400000,20,85981.33397455154,0
80564.29229476592,0.0,66,2,5,8,100000,21,273135.37636125233,1
54430.93314686729,36059.82216993008,52,4,20,8,100000,30,314017.95607314236,0
44375.2724727661,19134.389049797537,61,3,3,2,0,1,28317.130735065308,1
131504.0848319369,0.0,57,0,2,2,700000,21,16299.620004751047,0
113678.32034574916,0.0,25,1,13,0,900000,8,472400.57647465466,1
86317.39359081782,0.0,61,3,14,4,500000,2,469285.11463997565,0
83163.4568319493,0.0,23,1,14,6,300000,11,448584.6747945245,1
72239.7702402064,0.0,49,3,10,4,500000,14,211341.54276223457,0
139939.7671391804,0.0,79,0,20,8,100000,21,292341.93113401294,1
115715.96195615968,0.0,50,1,2,3,0,14,289480.7554424608,0
101808.59408186552,0.0,27,2,3,5,400000,23,158319.43508542838,1
48860.248292268036,67506.37134604783,48,4,17,0,0,30,414058.1741875509,0
127613.92052659643,0.0,66,4,5,4,500000,18,415564.7739320514,1
61722.60003010305,42208.464020984145,36,0,14,0,900000,14,132885.10536113448,0
122076.34617872573,0.0,29,0,10,7,200000,2,350986.05182963907,1
27679.036077439618,75000.0,62,4,14,1,0,6,191090.28585930984,0
100561.12471863782,0.0,20,4,19,3,0,11,173180.84205039302,1
135777.11067789193,0.0,56,3,18,7,200000,26,300771.91001176246,0
97550.5933101175,0.0,75,4,9,1,0,1,198095.56653587942,1
138849.17651609486,0.0,62,3,9,0,900000,18,237972.04675087967,0
83272.7093363682,48227.77173985809,32,2,15,3,0,8,368327.30995677836,1
60766.11157499329,41406.37067699493,42,4,19,5,400000,18,55965.1269234019,0
83053.32251332341,56760.95621062999,30,2,3,7,200000,20,165519.21899954733,1
106348.9040923533,0.0,44,4,10,1,800000,19,492274.55625149823,0
135362.3739950532,0.0,20,0,19,4,500000,25,300259.3301531553,1
83411.03851744742,51013.02549604357,37,4,5,5,0,11,349011.46604258916,0
90109.69382470593,0.0,36,3,8,2,700000,12,500000.0,1
130455.10857831965,0.0,46,0,3,6,300000,10,122998.21495208226,0
20000.0,18526.341030356387,63,2,16,8,100000,21,480826.03877541644,1
84616.76607508847,0.0,50,4,18,7,200000,10,218214.08337019305,0
144019.9361989832,0.0,76,0,20,7,200000,21,358503.20189037663,1
89265.6529040692,0.0,57,3,5,3,600000,24,45985.50159911893,0
124964.29602749491,0.0,78,3,2,2,700000,16,203737.18330542845,1
36864.1879364805,75000.0,51,1,2,6,300000,6,429034.4414662352,0
146957.74548239438,0.0,34,3,18,8,100000,3,421421.3163922344,1
84045.20878164396,35666.53534051968,39,0,13,1,800000,4,221689.57957621972,0
75172.32642651323,0.0,31,3,17,4,500000,19,423383.7493942356,1
121471.9842524426,0.0,55,2,14,8,100000,26,306072.3496953738,0
22899.21609465858,43982.68036962349,61,2,3,1,800000,18,469473.6039138114,1
111000.37452344564,0.0,52,0,17,7,200000,16,46789.12631386461,0
23900.410632197163,23367.61463719284,25,1,19,1,800000,12,328901.50973771996,1
51916.731730855325,10578.17962180078,52,1,18,3,0,24,38013.784939956706,0
70546.37064409425,16799.275604701554,80,4,6,6,300000,2,451066.8784543593,1
79723.0950251407,67392.22463748921,56,1,8,4,0,3,377173.93157640204,0
40413.77658203658,60760.67383434537,80,3,12,1,800000,25,121410.45096909015,1
124793.52935915621,0.0,52,1,16,3,0,12,176281.93556120302,0
125226.35751678982,0.0,77,1,20,3,600000,7,252195.80901244254,1
83304.47816030328,0.0,50,3,4,7,200000,9,421757.5207589994,0
48299.81460018675,75000.0,60,0,17,0,0,1,493311.0119707951,1
22531.12260347871,41584.031562642485,43,0,20,7,200000,4,0.0,0
117700.67220059023,0.0,63,3,6,1,0,16,64138.38511993241,1
81280.24818764933,42400.68361386244,50,1,8,4,500000,27,37908.9693164777,0
104489.52214895994,0.0,68,1,3,7,200000,21,346443.3311567601,1
64032.74690064439,65800.96957258419,63,3,11,0,0,27,500000.0,0
34621.65822381497,59511.71052618732,69,1,3,1,800000,10,336665.3229029382,1
30510.8690982494,11322.506867099855,60,0,20,5,0,4,153119.71872311446,0
36220.78870266481,35951.68106263606,31,2,10,4,500000,6,105693.64562512559,1
80091.96437207444,0.0,60,1,15,1,800000,1,457885.3535719783,0
121180.57641147188,0.0,80,4,5,4,500000,22,119921.52111824686,1
73792.03408988524,0.0,57,1,11,6,300000,26,214638.8281827387,0
99805.9951777874,0.0,80,3,7,7,200000,27,359751.24362753774,1
128528.23229841508,0.0,59,0,4,3,600000,13,129850.35999691632,0
65201.04695426266,70695.39000956398,25,0,4,4,500000,26,268257.8790786895,1
75078.35439749883,0.0,47,0,16,1,800000,29,476397.1963625729,0
103937.05272161031,0.0,20,2,4,2,0,27,95142.02801713739,1
85613.06812504615,0.0,39,0,7,3,600000,21,386963.38547551224,0
69451.58879354734,0.0,34,3,17,5,400000,18,213630.88908866933,1
83886.65723706786,48052.595901188026,58,1,18,2,700000,5,63062.139144626235,0
61261.33353596342,52968.82719031752,65,3,14,7,200000,24,194410.21306895177,1
58647.90105277686,74937.13186732163,57,3,18,8,100000,6,128081.11266934748,0
37672.00970714287,46635.37762018057,62,1,10,0,900000,10,454861.11094919353,1
48793.678772882995,20333.003013654008,42,4,9,8,100000,25,109876.2396048294,0
110251.18267258296,0.0,72,1,13,7,200000,23,93668.05444800471,1
77964.30703116924,0.0,43,0,1,5,400000,29,171399.6839324806,0
64636.21760942078,75000.0,31,3,5,2,700000,17,0.0,1
72524.35276247787,75000.0,43,1,8,4,500000,10,292538.85290087946,0
132034.91268534856,0.0,22,2,11,2,700000,30,311226.8993089419,1
92683.88202679112,0.0,47,3,14,6,300000,20,316259.0175034816,0
43349.161478230206,73011.72620645893,23,3,20,0,900000,24,313696.6930525722,1
86633.71167298302,0.0,43,1,9,1,0,24,335844.3316986036,0
94266.49209393519,0.0,32,2,8,6,300000,13,103563.41403213888,1
44593.86045031729,35624.03014782119,55,1,18,3,600000,30,155164.25883656772,0
117440.31210596113,0.0,80,2,4,3,600000,7,164297.94757173856,1
58410.469732437305,67885.61396804888,47,2,15,1,800000,20,40434.09859966814,0
46199.35034332938,37264.849427827095,72,3,11,5,400000,6,33949.22914490603,1
103971.02282253337,0.0,47,3,17,0,0,9,415056.89710619726,0
22712.882185109553,21850.805547087035,68,1,4,0,900000,26,499515.9988832171,1
136180.12347810372,0.0,40,0,2,7,200000,30,254222.82108644032,0
42585.82801409609,22892.232210187274,38,3,5,0,900000,19,86615.9913358292,1
45401.31027774728,75000.0,51,1,18,0,0,25,333728.9027686241,0
20000.0,50358.84896463349,20,2,2,7,200000,25,321118.18113572017,1
44236.33273383756,28561.750536916803,36,2,19,0,0,14,473002.0399245481,0
71042.20021359535,42901.76849313878,21,0,8,3,600000,18,34770.15683568048,1
73556.54901979792,10286.209528868028,52,1,4,8,100000,1,152545.7786433712,0
150000.0,0.0,73,3,11,2,0,19,314315.3621452936,1
35137.44098471205,34067.014455907236,43,1,3,5,400000,6,98664.15633282717,0
23833.342506892117,34760.192499229306,21,0,11,2,0,7,364266.22128450626,1
31729.089645615117,41837.514143997425,56,3,19,3,600000,27,167117.25038907552,0
49684.41317522141,45450.640004513734,73,0,17,8,100000,20,462566.398016979,1
67777.34991871714,43167.320019214174,43,3,19,7,200000,11,220538.3546328862,0
35321.837602031046,50298.41651851684,39,2,1,5,0,8,135522.69367572118,1
37291.599407377216,59961.078274544845,44,1,17,0,900000,30,393862.71638571157,0
140100.98401548603,0.0,29,2,1,6,300000,29,263037.3884370461,1
74108.73816879888,34706.83144174296,44,2,9,4,500000,18,400812.7691905498,0
101685.10981252641,0.0,63,3,10,4,0,11,216792.44816081953,1
69447.31288519314,70193.25281722349,46,2,9,4,500000,6,235316.02128461053,0
128843.7394791793,0.0,73,4,7,0,0,19,367135.26832519943,1
97894.11888666282,0.0,59,0,4,0,900000,2,227906.98551186285,0
99829.94376723886,0.0,44,3,4,8,100000,21,328633.8499187158,1
114262.31154143995,0.0,53,1,20,3,0,24,261208.52513309958,0
62424.439186740885,25519.812119581486,40,2,15,0,900000,4,472194.814648797,1
51908.824549163,69538.8264148573,47,2,6,1,800000,17,97222.20101285967,0
115140.30510057267,0.0,20,1,4,6,300000,15,354014.0149796701,1
96951.27646274533,0.0,53,4,16,5,400000,5,78709.78272600716,0
106408.00952226366,0.0,30,2,20,3,600000,29,451812.12006431277,1
44810.80080010993,52744.507481373505,55,0,18,6,300000,18,422540.8330031261,0
121774.34100561898,0.0,42,3,11,4,500000,7,73870.59995862457,1
71759.38923675852,60486.13110125636,58,1,7,3,600000,8,347554.7965025751,0
108257.28095147018,0.0,67,0,12,8,100000,19,500000.0,1
43631.170646434235,50729.896505318364,46,3,4,8,100000,25,278257.7102875989,0
79195.84064696841,45928.24941176312,69,2,18,0,900000,10,122498.15668943585,1
129616.57168214559,0.0,60,0,20,4,500000,22,277140.7185931537,0
114760.77017869757,0.0,28,3,18,8,100000,10,135864.6095061781,1
99848.64620775623,0.0,52,0,4,5,400000,30,309269.438672392,0
131881.6918051336,0.0,25,3,9,8,100000,1,410053.12940535916,1
125351.94212918112,0.0,58,0,3,3,600000,27,144451.2891031639,0
32907.892671007634,22478.737716968088,30,4,3,3,0,14,208158.57647054933,1
133218.6129494995,0.0,56,2,5,4,500000,27,500000.0,0
108463.36957193742,0.0,74,2,7,6,300000,26,224412.1457511585,1
71525.33218306977,0.0,45,2,10,7,200000,8,292418.9949753679,0
117489.95296862033,0.0,59,0,3,0,0,23,20756.51535677038,1
96714.90961689083,0.0,51,3,5,5,400000,29,375750.9375452021,0
76939.51983826017,0.0,67,1,20,2,0,8,246702.2028029833,1
70968.46350637084,0.0,38,0,8,7,200000,8,181685.01562475806,0
73214.526670489,0.0,25,0,11,1,0,17,304449.44784187607,1
65739.24624831254,71481.79394337653,39,3,16,0,900000,3,230151.37802461666,0
125658.71006892048,0.0,63,1,14,5,400000,15,311981.7438998948,1
81533.11032950567,0.0,40,4,19,0,0,27,367602.77121378854,0
25136.593952033443,43210.826053322555,80,4,14,2,700000,4,236158.68625598674,1
138170.15125417145,0.0,53,0,14,2,700000,24,85158.54668311492,0
104530.23493704105,0.0,74,0,19,8,100000,1,180122.0997604031,1
41453.15620853446,49384.50308031335,57,3,6,5,400000,18,142817.10763396847,0
99979.55000103888,0.0,64,0,6,6,300000,1,378493.8802400329,1
103804.4887788531,0.0,42,1,1,2,700000,9,413528.99350284814,0
31685.68095961622,12791.26682975378,43,4,19,5,400000,26,128967.38695928126,1
36283.809377644095,75000.0,46,2,12,3,0,7,65597.87810469641,0
43543.37542096031,33115.70080244544,73,1,20,5,400000,6,105738.55537414832,1
139829.36717451384,0.0,43,4,11,7,200000,30,426526.5489149662,0
46108.70179453807,55672.29138095079,20,4,14,7,200000,3,247244.6650654793,1
79318.39237388503,70499.16088746137,46,3,9,7,200000,5,500000.0,0
55713.24848416316,71701.28516597438,67,1,16,0,900000,16,42333.24567969683,1
117474.97547046188,0.0,43,0,14,1,800000,20,500000.0,0
34764.5466536817,20143.431985102332,73,2,14,6,300000,4,29101.496250365286,1
31363.66841063133,70497.8697002065,60,0,1,6,300000,1,75723.52483603104,0
88407.93755574318,0.0,32,1,17,2,700000,24,221906.37854803982,1
84157.46939234043,0.0,39,3,9,2,700000,1,280435.1165883148,0
76962.71526679714,0.0,62,3,10,0,0,25,152516.74236515543,1
123342.08546293603,0.0,48,1,11,0,900000,18,0.0,0
30781.403956630704,14892.884801559514,31,2,14,4,0,19,454585.55752298905,1
128230.28843291136,0.0,59,0,13,3,600000,4,265410.73700418667,0
85934.68332633618,0.0,58,4,11,0,900000,20,82794.26194369976,1
97322.0796267384,0.0,36,3,7,0,0,12,366472.98661671474,0
121922.52813212681,0.0,76,4,6,1,800000,16,135740.6875720251,1
85451.94884487527,0.0,46,1,17,7,200000,5,263187.60548488994,0
130421.45324200006,0.0,32,1,2,3,600000,7,69508.1954817374,1
42350.885827471815,41389.81084421371,53,0,1,3,600000,30,436478.98285270855,0
57005.244357974334,59439.23469528652,72,4,9,8,100000,1,405761.35792507464,1
47096.183357477246,61534.14185807551,58,1,18,8,100000,2,412387.86978536693,0
147269.2380485841,0.0,24,2,8,3,0,1,392828.35650117847,1
61923.074004591595,41291.40401285962,58,4,17,1,800000,10,369439.94690231304,0
73663.11261307885,43382.01226327452,70,1,5,7,200000,15,174285.11085958334,1
121082.82372015032,0.0,62,1,15,0,0,6,55296.4081390533,0
142063.91978994955,0.0,73,1,10,0,900000,26,26019.131445895437,1
43082.17126457962,75000.0,53,0,2,3,0,11,140405.29388610914,0
139315.78381443943,0.0,80,4,9,3,600000,30,233693.4454069908,1
104809.43382713225,0.0,47,1,19,2,700000,8,459003.07946718705,0
136383.85732711575,0.0,71,1,10,8,100000,16,479592.5212001983,1
144515.0217981932,0.0,61,2,20,3,600000,8,354160.11854945566,0
20000.0,72892.75573992892,26,2,14,3,0,7,361377.8575432192,1
22078.900643465484,21645.8003004577,55,0,8,8,100000,24,58065.56872506355,0
121019.22253583593,0.0,34,3,6,6,300000,30,49538.01255704653,1
79539.25929713888,0.0,42,4,20,2,700000,15,0.0,0
30497.055294432357,72867.80461753895,29,3,10,4,500000,17,95611.0452047787,1
83488.78954252134,0.0,50,4,1,7,200000,16,367952.0971521002,0
46934.41671706099,51069.27410876083,73,1,2,2,700000,20,133280.18503832564,1
71111.52082185165,0.0,54,0,10,7,200000,21,385522.42925867054,0
106920.95931799451,0.0,57,4,3,7,200000,19,469484.9599272511,1
150000.0,0.0,47,1,20,7,200000,20,218226.10085018212,0
43324.058947662816,41126.815714362405,72,0,7,6,300000,10,131608.62856347114,1
94438.91908730411,0.0,42,3,14,0,0,10,265643.249768284,0
135860.4988584899,0.0,70,2,3,2,700000,2,138314.0999922795,1
52569.22135588629,35718.598880395904,56,4,10,5,400000,25,37884.604054965,0
128090.8599052102,0.0,32,0,10,0,0,22,460493.01903535443,1
112508.06843537498,0.0,56,0,7,8,100000,9,116663.80637962143,0
56671.043074432106,66467.77774080401,70,4,3,7,200000,4,402965.1652889686,1
61934.918094658504,70279.78955097226,43,3,16,0,900000,2,136013.63137285886,0
125267.22216067261,0.0,71,0,11,8,100000,25,116961.09223188422,1
117359.00198996445,0.0,63,3,11,7,200000,3,0.0,0
71612.55631899054,68330.56588850616,59,2,14,5,0,18,8948.139865214544,1
33034.52746596153,14862.8628816163,49,3,12,6,300000,28,328706.5525373226,0
146796.60190534077,0.0,21,1,14,7,200000,23,297219.3330796583,1
60190.45162221865,29479.665398285164,59,0,19,7,200000,5,354391.8126922298,0
67003.5623472337,48037.20843731318,69,0,5,8,100000,25,413603.5196936419,1
133183.64118653248,0.0,54,3,17,7,200000,8,252794.5051805743,0
105767.40332390013,0.0,72,4,9,0,0,20,63221.18591447183,1
113584.87982293929,0.0,55,1,17,0,900000,4,474967.60449984594,0
59827.562557896745,55228.85180299036,65,1,7,5,400000,10,402984.7510308879,1
83736.30598547873,0.0,48,3,16,4,500000,27,220392.5071225997,0
139972.34979540683,0.0,23,4,12,6,300000,22,418293.2129681569,1
102781.57597205546,0.0,39,4,6,1,0,12,174220.2213121662,0
106941.56799870911,0.0,60,2,9,2,0,12,365019.46038742835,1
78331.16433775568,0.0,50,1,20,6,300000,14,48373.405214222716,0
57318.23034174654,18242.185502952532,26,4,9,7,200000,17,114888.89206622314,1
102123.15705645143,0.0,52,3,16,6,300000,27,422266.1844202936,0
148562.67671599152,0.0,64,0,12,8,100000,9,0.0,1
35476.982191543524,54379.421229693005,55,3,18,2,0,10,416988.07522866863,0
110029.38486810107,0.0,24,0,6,0,0,29,357481.6723172671,1
134132.37240645103,0.0,43,3,1,8,100000,7,494055.8380412095,0
89286.40497718741,0.0,65,1,9,0,900000,24,116876.0124365496,1
24679.54373614442,31274.16595471619,46,4,19,5,400000,25,375414.9032323208,0
111590.81468105965,0.0,27,3,12,2,700000,8,271975.73041435704,1
45273.41600584167,75000.0,50,3,6,5,400000,13,337318.3935982308,0
78040.41008879103,0.0,71,1,8,5,400000,5,493929.718197601,1
122484.03833370206,0.0,50,1,12,7,200000,1,422781.5508018532,0
23630.367520771917,75000.0,64,2,2,1,800000,16,280037.9845073651,1
56858.40987202387,18982.615738273817,47,3,16,8,100000,3,252412.57287151492,0
104616.69126196305,0.0,80,0,7,7,200000,12,468681.1410203674,1
45872.19342769164,36257.58478708926,46,0,10,3,600000,29,429676.9875943264,0
90722.34571803593,0.0,58,4,18,7,200000,19,113049.53081872752,1
89928.81010376022,0.0,46,2,12,2,700000,23,0.0,0
82626.68952584572,0.0,31,4,15,5,400000,21,251242.81595777665,1
55591.896811146704,32848.81989828659,35,0,20,3,600000,9,436404.0477318334,0
66431.64937468711,42857.79794675502,34,3,14,2,0,17,89048.51698046572,1
41004.95488871815,70055.068348993,55,3,19,6,300000,18,318910.13647843205,0
93522.44873455746,0.0,34,2,15,2,700000,1,139296.4098190991,1
150000.0,0.0,56,1,6,1,800000,5,290400.53957030305,0
103801.92521830139,0.0,29,4,19,5,400000,3,34777.63734256595,1
110129.79664667977,0.0,60,0,16,1,0,4,3663.7992380798096,0
148821.3144621008,0.0,29,2,1,1,800000,24,493777.898698922,1
89535.88377433551,0.0,43,0,6,5,0,12,68168.61636264811,0
32042.505594616166,68475.58956342973,63,2,18,0,900000,16,63252.89259194415,1
69963.69771076449,27150.964591838307,48,3,9,4,500000,26,299804.6523805703,0
107612.75370189699,0.0,29,0,9,7,200000,21,423876.3910868126,1
50239.31430681915,59149.30270611205,36,1,10,1,0,22,351971.4006350805,0
124854.96159328468,0.0,32,3,14,2,700000,14,250948.4866931096,1
65343.481901936095,64950.34727640752,54,0,11,6,300000,11,454466.93502159364,0
108422.50810278201,0.0,79,2,4,5,400000,20,139720.30744499736,1
118491.0926949852,0.0,52,0,11,6,300000,10,286546.17466038873,0
104519.28407405423,0.0,74,0,18,3,600000,5,170430.81881502664,1
87618.34036816357,0.0,61,2,9,1,800000,16,268046.85476082447,0
104181.644688366,0.0,73,3,9,8,100000,28,370987.04948772927,1
100308.66721093726,0.0,44,3,2,3,600000,6,0.0,0
124336.56668656883,0.0,69,0,2,1,800000,11,392616.51911944407,1
27449.99899030952,75000.0,40,4,13,3,0,8,71174.81236721577,0
134607.52249928337,0.0,67,0,8,4,500000,10,293112.7187982687,1
118184.17217786741,0.0,58,2,15,0,0,20,333625.8830310744,0
72208.70810120994,15536.772545657048,34,1,17,2,0,20,214460.14403550327,1
150000.0,0.0,60,4,2,0,900000,22,144581.33659737083,0
48906.055008270785,15684.96726053454,26,1,16,4,0,30,208620.54624207265,1
33209.570794947416,64878.41077875562,47,1,18,7,200000,3,66801.10549666663,0
139192.6619892878,0.0,31,2,3,3,0,7,388716.4454348552,1
139018.9179156354,0.0,35,4,5,3,0,29,309961.1077512212,0
69313.90668883649,25263.994073787853,74,3,3,0,0,5,224361.4929391601,1
93313.67606646723,0.0,55,3,13,7,200000,20,204137.00010184883,0
66671.37999336036,43101.86066105401,76,3,10,2,0,20,405961.2996991409,1
106948.25583537834,0.0,49,4,1,0,900000,4,96056.41961464006,0
20134.36966164859,20032.20664973615,24,1,1,3,600000,4,321212.4685623248,1
60516.192430511255,75000.0,43,4,15,2,0,26,385668.098869024,0
27792.227760522248,51865.70951311501,68,3,16,4,500000,20,62970.415130097404,1
36991.33437674082,18478.434420736423,50,0,20,3,600000,8,282814.41885254456,0
138716.71826841793,0.0,80,4,20,1,0,30,500000.0,1
71000.5062798866,0.0,49,0,8,7,200000,18,60176.02576150035,0
144710.90198374513,0.0,80,4,12,0,900000,24,53168.84917058144,1
142545.77724564803,0.0,64,4,15,5,0,26,313377.85702021956,0
108573.03291381538,0.0,74,1,17,8,100000,1,294867.7372601091,1
80457.23457217567,0.0,59,0,15,5,0,27,407328.61276011856,0
50826.67415354715,28443.339146950217,65,4,5,6,300000,6,45182.67398154171,1
71038.4802069318,17685.23573436446,50,1,16,3,600000,12,352057.33631156397,0
148447.06362913852,0.0,70,3,14,2,700000,5,261829.27174001583,1
69856.53546622739,16386.738941341486,50,2,2,8,100000,14,144637.99298089114,0
143022.65497533794,0.0,34,2,7,2,0,16,0.0,1
85612.32391547793,0.0,43,3,16,2,0,18,277161.62957585783,0
147933.17347659043,0.0,79,3,9,1,0,24,26793.463840579036,1
20000.0,75000.0,54,4,2,8,100000,15,221899.9003839553,0
130170.99032476451,0.0,73,4,15,1,0,19,128266.38104314038,1
20000.0,46414.84054022761,39,2,3,1,0,17,50997.10113232757,0
81671.31537066905,0.0,68,4,13,1,800000,9,271027.3562254222,1
93018.60974252319,0.0,49,4,15,0,900000,12,500000.0,0
46726.20607123943,29259.832525861555,58,3,12,3,600000,18,173705.4551892533,1
66885.17484148307,0.0,52,2,1,2,700000,1,324042.36948933033,0
116127.49077260561,0.0,67,0,12,6,300000,10,180423.5814677037,1
96643.63263997913,0.0,54,3,12,8,100000,28,349796.02792661573,0
54788.2769494876,73547.86056804242,73,0,8,6,300000,30,155797.98818260996,1
96839.78280347334,0.0,48,0,4,0,900000,12,453712.1374659251,0
91939.28855181174,0.0,66,0,15,8,100000,9,94440.29412169785,1
24950.382159478846,45719.01966497486,41,3,16,7,200000,6,379631.6160291581,0
147305.8958244235,0.0,69,1,5,7,200000,9,119270.70792858137,1
118726.68456278443,0.0,50,0,14,5,400000,7,339461.49686308525,0
70488.35576907509,0.0,69,2,19,5,400000,14,206304.88381914567,1
104521.67080122951,0.0,52,2,16,8,100000,11,364362.10518355644,0
96047.72745108214,0.0,67,4,2,3,600000,6,191760.96860419225,1
62260.0541922465,53765.22665625054,46,4,20,5,400000,15,192815.31921782994,0
22786.778950994587,72652.33101776928,36,4,17,8,100000,25,155723.2081609002,1
144466.09076447686,0.0,42,1,15,7,200000,1,218390.2221572393,0
100763.39110208189,0.0,44,2,19,0,900000,3,471372.37385617633,1
32317.566165398363,20605.195853910096,56,3,10,1,800000,20,322752.84325635026,0
52392.36451028577,32805.51874767326,61,4,3,7,200000,15,0.0,1
115952.83869704232,0.0,45,1,5,3,600000,28,355083.30914432945,0
117025.38242997363,0.0,37,1,1,2,700000,29,195638.91327898088,1
145403.0179279277,0.0,45,4,4,5,400000,2,206660.9377375713,0
20000.0,54672.87128848808,66,3,13,5,400000,29,93626.3467879078,1
29994.86683035476,75000.0,60,0,6,4,500000,23,167091.99440231852,0
20000.0,63102.81707294751,32,3,2,8,100000,20,317759.75693178445,1
36155.340176801335,24261.762019816473,52,3,14,1,800000,4,134889.79136556445,0
132917.20931060676,0.0,61,4,12,0,900000,8,234674.3952469546,1
144514.52182679504,0.0,62,1,9,1,800000,20,361693.02814047295,0
59933.742183919705,54617.548839963354,33,4,19,0,900000,18,343226.0638910686,1
20000.0,63586.444602189804,51,2,1,3,0,13,190992.01256837483,0
36774.10000713977,20591.76185712253,60,1,7,2,700000,19,240839.43134380731,1
55102.777720643244,41556.47731775693,63,1,10,4,500000,20,97771.85082486267,0
115543.28808109718,0.0,76,2,20,8,100000,24,85934.09237146247,1
57505.6090840508,45346.63909622714,52,3,12,6,300000,24,459997.26961238176,0
123107.17595172967,0.0,41,2,17,7,200000,11,301678.4632280406,1
58792.21466588712,27321.822158761875,56,3,19,4,0,24,402471.5832551004,0
106853.54661236852,0.0,80,3,10,0,0,27,224695.65700064233,1
42944.13280192067,72791.35719663705,41,3,20,1,0,4,38424.33626832999,0
108387.255389936,0.0,20,0,9,0,0,27,500000.0,1
145419.79874064552,0.0,44,1,12,6,300000,4,477833.36602551216,0
135142.1839492583,0.0,76,1,1,1,0,10,500000.0,1
128725.34047290828,0.0,46,3,16,1,0,12,325253.467619435,0
23663.32937665783,47873.06204358695,22,2,18,7,200000,18,497516.5111331828,1
69632.7294355893,19353.60811848483,35,4,7,1,800000,5,461377.01418623846,0
52083.36025647746,33939.25138117326,67,0,20,5,400000,23,82146.05400991318,1
76149.1287074995,75000.0,44,1,7,3,600000,4,500000.0,0
31426.994391769298,68472.52825596626,42,1,18,6,300000,11,342502.6867788618,1
20000.0,58679.122995281345,54,0,5,6,300000,17,301457.3173139819,0
24774.220299215645,39276.118881185255,43,4,6,6,300000,27,329879.77464490925,1
60244.79938700077,19866.151076877584,44,0,18,2,700000,23,18345.348170373178,0
99925.810224342,0.0,69,0,7,1,800000,17,355116.04778909514,1
61891.07081855831,51275.367451117956,43,0,8,4,500000,16,493388.0723268007,0
56779.76074036615,23091.718983588547,40,1,5,8,100000,13,105029.79684063783,1
65910.30455586282,67871.96135058631,42,0,20,3,600000,6,293542.1778434542,0
28752.923244999867,75000.0,33,0,4,6,0,7,221450.50061174663,1
71897.4634323992,0.0,51,2,19,4,500000,18,80141.57580148304,0
112968.66188341928,0.0,73,4,18,6,300000,3,136286.59306683368,1
146415.54718171008,0.0,52,1,6,1,800000,4,218165.59292705075,0
125883.96475811957,0.0,37,4,4,4,500000,12,175286.29451873983,1
140229.88917934662,0.0,50,0,15,7,200000,3,276380.89485752385,0
136841.06283307527,0.0,20,1,9,3,600000,10,143499.68320038775,1
39893.62888446878,59949.649054247115,42,3,20,0,900000,8,119225.56847063733,0
40182.36763278811,29795.146104049567,60,1,14,3,600000,27,418423.95340208,1
130443.48666878992,0.0,39,3,17,4,500000,5,71893.11306933707,0
55620.29555174314,75000.0,62,3,8,5,0,8,0.0,1
51061.255151074576,75000.0,41,2,10,1,800000,2,350371.8639073544,0
104920.06836797825,0.0,30,2,7,6,300000,6,80678.21857720782,1
81810.71114507887,0.0,46,3,17,8,100000,6,329015.8691579231,0
116713.3560178135,0.0,66,3,16,8,100000,2,59908.52892074677,1
63978.17317382781,75000.0,51,0,1,5,400000,14,141770.4699492945,0
150000.0,0.0,60,0,12,3,0,11,116418.93823683052,1
27826.18629366285,66994.36356720375,48,2,20,8,100000,13,83491.83302456661,0
142122.36140307382,0.0,36,4,16,2,700000,1,119432.34643834969,1
78116.98541399819,0.0,48,3,4,8,100000,27,430340.9389327911,0
111385.08597488317,0.0,20,1,8,1,800000,21,331644.12633022247,1
33473.36866760529,10000.0,53,2,4,8,100000,15,43505.95245342176,0
21930.281308645757,15425.56657099029,27,1,14,8,100000,5,300108.9121381313,1
47504.47704540251,54160.1915918748,39,1,13,7,200000,24,470474.9646685508,0
103602.87928053732,0.0,32,1,13,6,300000,18,259069.3995281703,1
126820.62110663363,0.0,52,1,17,4,500000,22,206784.20950645392,0
70135.36300590476,0.0,71,2,19,8,100000,11,174348.4663966193,1
72959.68776257352,0.0,35,3,13,2,700000,13,357984.5253054657,0
46063.91760236562,28902.3781282355,74,0,8,4,500000,22,233246.27966054846,1
56731.82781031282,33451.08691730621,43,4,7,5,400000,24,178136.35816927854,0
111949.6221800465,0.0,23,4,13,7,200000,29,63985.97297747404,1
52004.80796716414,60743.01520151713,46,0,1,2,0,9,316973.62336015445,0
150000.0,0.0,35,3,5,1,0,18,0.0,1
20000.0,35291.34383517911,60,3,7,7,200000,12,29248.910769530823,0
76874.03704324053,0.0,73,1,14,5,0,17,211365.23238835318,1
109618.44370534155,0.0,35,2,1,2,0,29,75812.46288084562,0
20000.0,44391.04352009503,69,1,15,1,800000,23,500000.0,1
150000.0,0.0,51,0,12,5,400000,30,144888.08357776163,0
89861.02927360724,0.0,69,4,4,1,0,5,57201.53911065446,1
59739.080496557486,42965.39263556159,48,0,7,7,200000,13,434568.5645255244,0
73209.51524351464,20349.293155740907,43,2,9,4,0,23,483719.8678016575,1
122587.66016826882,0.0,59,4,11,5,400000,20,500000.0,0
70275.0419159419,23538.413112772763,31,0,5,8,100000,22,362516.90466203925,1
96348.01504214328,0.0,52,0,4,5,0,15,459617.3854640649,0
82933.80359192094,0.0,24,2,18,4,500000,24,266606.5983670545,1
63375.615411022955,23806.565525761307,43,2,3,7,200000,5,482098.53836077254,0
68443.03451153087,13984.262247581075,69,2,14,2,700000,4,129272.34442058385,1
40444.46442406539,53352.6570518135,43,1,18,1,800000,22,123222.0789128065,0
102484.14666122655,0.0,61,3,14,5,0,7,60970.89402458351,1
44217.892019993145,28076.018185833043,44,1,19,0,900000,24,345353.637767095,0
34337.78279200358,14889.621057678229,26,2,14,3,600000,8,317303.05460920185,1
132320.88532649842,0.0,47,2,6,2,700000,7,54473.74525186942,0
72375.44787854163,0.0,30,4,17,3,600000,20,271672.11858777807,1
101046.51907300662,0.0,36,4,8,3,600000,5,454674.3474607723,0
103950.84320444008,0.0,75,4,4,2,700000,11,149651.80542555585,1
28230.939942222834,16794.155450249527,44,1,9,0,900000,15,226539.49721949734,0
97159.00607685321,0.0,20,3,9,5,400000,19,168853.83441267218,1
87349.83953417561,0.0,47,3,4,0,0,1,69893.08137550871,0
54424.230484016065,56453.78714902394,61,3,13,6,300000,25,432619.663323426,1
111243.35577685288,0.0,51,2,1,2,0,30,46804.41979663969,0
78037.07713810909,0.0,32,3,4,0,0,20,367548.7853929218,1
26590.978272779415,69755.70625357536,45,3,16,5,0,8,333487.36629411037,0
93850.72230733716,0.0,80,4,16,1,800000,18,328271.08394816215,1
63517.79175410332,22303.921422599316,52,4,11,1,800000,17,248044.324149998,0
69091.06923426356,44423.450126349766,65,0,2,4,500000,27,118699.65796840239,1
130243.82209054602,0.0,61,2,6,6,300000,11,372142.442458793,0
49146.592279758945,32645.489120815684,80,3,18,2,700000,30,402682.0724106155,1
72697.46796229643,46489.15305977284,44,3,1,8,100000,25,173186.79695057467,0
128869.41188553488,0.0,73,4,15,0,900000,8,413093.9346711788,1
127604.946851089,0.0,55,1,8,2,700000,8,316285.2271987712,0
86580.80463732585,0.0,24,0,10,6,300000,7,446066.8674355734,1
91670.77014829918,0.0,50,1,1,2,700000,24,307736.3002992112,0
67601.7914808581,0.0,70,3,5,0,900000,6,294092.1883222657,1
122195.6149122225,0.0,54,1,12,8,100000,3,123114.82955984253,0
50231.53886534107,70248.01377774925,58,2,13,1,0,21,257762.84069422446,1
44838.05382884419,57087.678648189736,52,4,12,6,300000,1,452006.5202533618,0
145494.15157965125,0.0,66,1,4,2,0,11,412587.1223334473,1
42185.262739442194,68210.53184053482,54,0,6,5,400000,15,167423.40616254485,0
35656.4154756966,16088.828147089778,68,4,7,1,800000,23,486745.6718458772,1
131700.9051321266,0.0,39,1,17,7,200000,7,248972.38831182907,0
63906.67543297904,62746.109648808844,23,1,10,1,800000,9,387685.0554135227,1
81069.30827979789,0.0,49,3,5,6,300000,17,38249.77794367194,0
83315.02357457306,0.0,27,1,8,1,800000,5,236709.45149084702,1
133005.25572221883,0.0,46,3,2,3,600000,8,373685.2364103622,0
141466.81391017203,0.0,72,2,9,3,0,13,388133.21307548566,1
131955.89157707288,0.0,52,3,10,8,100000,19,408871.405397487,0
48229.12913670549,75000.0,35,2,3,3,0,12,199792.12628824788,1
81625.97358158657,0.0,47,0,15,0,0,14,358575.97800489893,0
91556.37529590154,0.0,21,3,6,4,500000,11,145368.21648095283,1
74022.43874655118,18164.147111981743,43,0,17,1,800000,10,237652.4069781134,0
41121.3662064762,16997.152041360816,79,1,19,0,900000,6,375503.978836811,1
101255.65426641465,0.0,57,4,14,8,100000,28,420933.7375372385,0
40538.29313914521,59284.43926930664,80,1,11,3,0,15,106437.93243243323,1
57284.63788612741,35060.77390308111,45,0,3,6,300000,2,250084.7599578103,0
59180.10660899108,57962.54371332251,75,3,4,2,0,29,256135.97150297163,1
68446.23831209973,41689.99773018573,61,1,10,1,800000,28,434672.709281088,0
48370.18560593197,66842.53151825613,76,4,3,2,0,20,274454.0972964,1
83854.69692361348,0.0,52,1,1,0,0,17,247141.7128568634,0
125932.62670235088,0.0,80,0,15,6,300000,2,390158.0836090204,1
70301.36074641197,0.0,50,4,20,3,0,3,207502.98050818546,0
102599.787098225,0.0,29,2,8,4,500000,14,359609.8304637196,1
77002.70198405407,64770.46172437821,46,3,9,0,900000,26,113075.40752396622,0
127119.70706162085,0.0,31,4,20,5,400000,19,51182.814765046074,1
110771.28226588336,0.0,55,0,2,8,100000,16,129348.44649396137,0
20000.0,75000.0,23,4,13,7,200000,8,179138.5788463641,1
39655.13611364444,33436.94625392807,60,0,10,5,400000,20,452041.77038473473,0
67120.13063497165,39171.181328056045,30,0,11,6,300000,10,327382.4650850094,1
118831.91669839443,0.0,48,4,3,1,800000,1,181603.15119189135,0
150000.0,0.0,23,3,16,2,700000,16,237144.6286850208,1
59003.46054630174,10000.0,45,4,6,1,800000,20,434288.1573100506,0
30652.159201453094,23314.42689658647,65,1,9,2,700000,6,73829.56464712313,1
58432.4363551279,73894.49303621211,59,1,5,2,700000,2,144377.87435315206,0
81278.54610165038,0.0,31,1,18,6,300000,11,363660.3953052917,1
117140.71462180043,0.0,38,3,7,8,100000,27,463911.6311936911,0
88452.9645837559,0.0,20,4,10,5,400000,13,472070.9560420636,1
119859.08184029162,0.0,54,4,15,7,200000,21,476894.92922354705,0
43489.35961878677,59524.94382376335,70,1,3,6,300000,7,0.0,1
112412.16388089268,0.0,52,0,8,4,0,20,459259.75457825506,0
50106.20552296669,32419.48142124196,68,3,9,1,800000,17,226773.11195360133,1
136675.18302876272,0.0,54,1,16,2,700000,12,199088.58178386927,0
124877.68269237127,0.0,20,1,14,7,200000,21,476694.4546422276,1
70638.07648425145,0.0,57,3,19,6,300000,17,397065.5353800003,0
148214.22519675005,0.0,77,1,17,1,800000,23,114738.76733817527,1
102318.47232411566,0.0,44,1,16,6,300000,26,111359.35976247581,0
68775.6962028789,32363.171434655644,60,3,20,6,300000,14,231067.921006429,1
52331.06953413271,69168.05358066838,54,4,13,1,800000,3,215049.60076869788,0
72275.04201690016,71505.02041164384,42,3,9,1,800000,29,415272.6486599776,1
53248.90845757883,46889.57510600677,64,3,14,0,900000,1,44521.89729696497,0
59608.45045102117,10000.0,23,2,2,8,100000,10,72155.45206672477,1
70359.52566126097,0.0,65,1,17,7,200000,13,174588.96391396906,0
141112.95142071933,0.0,27,2,10,6,300000,8,468522.96866401675,1
128774.47833556004,0.0,39,4,16,3,0,11,127260.44032282781,0
37507.23883651602,32656.470833154857,26,3,7,0,0,20,16690.763892867973,1
80839.01166242886,0.0,58,0,11,5,400000,28,239490.12692939816,0
59688.32087508255,12804.680990814235,72,4,3,7,200000,12,38284.00974521081,1
52574.348513880585,54603.97995395771,59,2,19,6,300000,27,0.0,0
90570.00997538645,0.0,70,0,4,6,300000,5,275484.1588413828,1
83110.8087273027,72329.18122829526,49,4,9,5,400000,21,42036.72524263861,0
76963.81752322166,27183.54572389531,26,4,8,2,700000,16,500000.0,1
134107.70866593873,0.0,47,2,8,2,700000,21,456810.80107250763,0
47468.846317764095,60705.69961584665,31,1,15,8,100000,29,252691.72932057513,1
140713.24052387025,0.0,52,0,20,8,100000,17,267279.93352612527,0
120599.50229570223,0.0,68,0,6,5,400000,10,90346.65572564487,1
43373.00288225594,62211.012630541234,47,3,10,2,0,25,72599.58016543627,0
68605.54963423192,26510.933651501204,74,4,11,8,100000,27,479915.6325855681,1
111979.38681564899,0.0,47,3,15,0,0,27,362732.2959258619,0
102413.22008920615,0.0,75,2,17,1,800000,18,425597.68926669756,1
103678.48012968907,0.0,52,3,15,1,800000,26,23144.980364805357,0
71360.79870177734,75000.0,35,2,9,8,100000,24,217072.53311063212,1
32956.06097785274,18541.25392769342,50,2,4,7,200000,22,251296.63339198296,0
80941.44328884903,0.0,25,2,20,3,600000,3,178141.7883478636,1
71600.73994150251,46182.007852247836,46,4,14,4,500000,8,260512.230535594,0
78775.90086030748,55766.81310851856,26,3,9,0,0,9,86873.03428973348,1
62238.9870079088,34242.76530341569,47,4,16,0,0,12,304044.47455314774,0
113053.81983552451,0.0,32,4,12,7,200000,5,268351.50332987023,1
135504.6425295305,0.0,60,2,19,3,600000,15,101755.27284203516,0
22017.22152665646,67398.00160714678,22,2,12,7,200000,8,67605.79214241543,1
122464.88197501114,0.0,35,4,16,4,500000,19,0.0,0
93700.0444069631,0.0,73,0,19,7,200000,7,414007.7332852538,1
66185.27579527188,10091.136048653796,42,3,5,4,0,19,322733.68740986113,0
124063.83505180042,0.0,75,4,5,3,0,4,116973.18661809698,1
44223.32742034253,15769.504734786959,58,2,16,4,500000,14,0.0,0
27745.126089837064,75000.0,58,2,8,1,0,25,158916.68738955547,1
20000.0,75000.0,54,3,18,7,200000,19,408711.16932471015,0
134669.3534960697,0.0,62,0,16,7,200000,26,301540.7592532221,1
116105.85214621159,0.0,39,3,19,8,100000,27,157003.9695010278,0
118484.2596215691,0.0,71,3,2,3,0,1,78685.90627158404,1
76732.75245496126,0.0,41,1,19,6,300000,8,228045.8882677916,0
68223.87416738771,75000.0,31,2,11,7,200000,14,345853.3044963561,1
29980.260712579537,63220.45421494266,39,4,20,2,700000,17,249969.82395181493,0
25275.048730452003,16558.522068603244,66,4,8,2,700000,19,214182.72872528792,1
69866.07745002514,51240.61516400648,41,1,10,0,900000,20,268916.24218292837,0
32155.809612674493,69738.38917118224,65,1,13,2,700000,11,285852.25573951594,1
101657.2599016936,0.0,52,1,7,7,200000,7,393146.87120601063,0
70074.68427024371,0.0,68,3,10,1,800000,19,204393.9938529364,1
150000.0,0.0,48,2,4,7,200000,4,398426.1778275492,0
111490.73602276265,0.0,71,2,17,5,400000,27,134202.94553816994,1
75078.16046438998,28653.877359974747,45,0,15,4,500000,22,221122.43130557204,0
62414.786460943185,74004.43483548076,37,4,18,5,400000,26,198255.50370663163,1
91871.05171690768,0.0,49,3,18,8,100000,9,254074.89114805605,0
110185.41245399427,0.0,65,2,9,6,300000,30,444919.17084496876,1
82025.91097908233,0.0,52,4,11,1,0,22,86308.59260694508,0
72947.0905886226,75000.0,36,4,9,0,0,15,235135.61203759658,1
132929.50081555016,0.0,62,0,12,1,0,2,317077.7768581196,0
130246.55602230997,0.0,32,1,1,7,200000,10,35310.28170294897,1
138106.24625697752,0.0,46,0,6,4,500000,6,151377.12504608987,0
135066.3091922385,0.0,20,4,2,5,400000,1,500000.0,1
83882.10039371204,0.0,55,4,17,6,300000,24,93097.96379286486,0
73677.07220444114,0.0,25,3,1,7,200000,17,260457.48423577682,1
66564.49592493368,69068.65210120648,45,1,19,0,900000,15,136145.32339003248,0
111586.4280164037,0.0,35,3,19,4,500000,30,314381.3557634163,1
66879.4147002104,66670.63736304424,40,1,3,8,100000,9,32005.347814214056,0
117623.00270566507,0.0,74,0,8,6,300000,15,416623.9260902725,1
45460.40714250663,24818.452602514615,47,1,2,6,300000,7,246850.34780772758,0
58891.022787499875,13752.663704133274,80,0,8,0,900000,16,33767.024533789074,1
29022.941235687846,74177.33568465836,51,4,13,4,500000,16,220334.032200526,0
131058.6300630421,0.0,35,3,18,5,400000,12,305354.41666461393,1
112610.97009986606,0.0,38,3,18,6,300000,9,140045.63087216063,0
102789.92739848777,0.0,80,4,14,2,0,2,353321.20493166626,1
26495.84085942545,74193.6026633987,34,4,20,8,100000,30,801.678920945491,0
115418.96180546765,0.0,31,1,6,6,300000,30,328140.8175054149,1
80096.37022436973,0.0,44,1,1,5,0,20,270338.0061647088,0
42106.30634426459,75000.0,64,1,11,4,500000,26,8442.363246362802,1
64575.240570910835,11139.604334982441,43,0,11,8,100000,1,435523.24688402895,0
124307.94549875162,0.0,71,0,1,0,0,13,431156.0974833071,1
47206.285180462335,66454.99999355331,44,2,17,3,600000,8,390208.7055153505,0
83380.40078453303,0.0,31,0,3,3,600000,10,369371.31916475034,1
68911.47379015585,44398.34038552194,58,1,8,2,700000,11,241734.43185077133,0
75605.84584400672,0.0,35,1,13,6,300000,27,21111.02966644449,1
99666.55921382221,0.0,47,0,3,5,400000,20,95957.68724698253,0
54370.32321814184,24817.017504924155,64,2,20,6,300000,19,111757.10940488175,1
23332.21205162203,48935.458477396955,52,1,7,5,400000,30,443658.869941971,0
71348.97523566645,24429.975844637003,28,2,19,3,600000,20,78067.20394697247,1
129150.75338036791,0.0,62,2,3,8,100000,19,419533.4406538564,0
115600.5136010627,0.0,69,1,12,0,900000,6,293810.6670766575,1
56290.74603378489,75000.0,63,4,7,3,0,20,277363.3520249437,0
72823.66724113052,65959.31420380244,69,0,10,4,500000,12,0.0,1
100220.207295099,0.0,51,1,20,7,200000,3,477099.52331803436,0
58715.23887363842,10000.0,22,2,18,7,200000,9,427210.37599338556,1
118336.53459886485,0.0,46,0,3,2,700000,16,39806.73858020878,0
33060.221176397616,65948.13067534856,74,1,15,2,700000,30,454061.30517221487,1
115067.70143959155,0.0,40,4,3,0,900000,2,91230.12770464909,0
140007.85427608798,0.0,27,3,7,2,700000,29,347322.1308908279,1
46874.59518035962,17791.39689192775,54,4,13,3,600000,3,173587.0106936311,0
111405.48797542,0.0,38,4,10,5,400000,21,294048.9732931633,1
50782.1996021767,19217.280786465824,41,1,16,6,300000,14,500000.0,0
119757.40279408984,0.0,29,0,20,1,0,25,10106.029717478581,1
126801.60737827266,0.0,41,0,9,6,300000,12,423958.03940165543,0
117177.24876649638,0.0,37,0,1,7,200000,4,20054.319237622654,1
99340.1650648787,0.0,49,0,5,3,600000,20,140039.41768873573,0
124297.78947812832,0.0,59,0,9,4,500000,5,395769.4211205662,1
71625.5469622863,22975.843677670677,46,2,15,5,400000,5,417328.9303604439,0
103109.17738644332,0.0,35,1,11,7,200000,26,390141.53447865276,1
61822.03242713526,35311.37384809843,50,3,18,1,800000,16,308860.702188483,0
97123.99925491725,0.0,29,3,13,5,400000,14,8231.784186747882,1
102148.9220627792,0.0,43,4,2,4,500000,20,268480.19718148606,0
82644.3512709103,0.0,67,1,3,3,600000,10,0.0,1
66717.17914479354,0.0,43,3,1,8,100000,12,309641.5227535081,0
38236.6516658462,24781.30965789405,76,2,16,6,300000,9,447918.3318459993,1
150000.0,0.0,38,4,9,7,200000,24,308165.6590556843,0
53056.745308223726,47680.57500667969,37,1,16,7,200000,5,121993.54875769878,1
42168.55109750401,72727.76281855254,54,4,3,2,700000,26,161045.20191961783,0
72258.59067434551,39328.918248925635,37,2,13,7,200000,27,149547.64805620362,1
150000.0,0.0,48,3,13,8,100000,21,347193.6059351668,0
73704.11331770237,56018.118413497665,40,2,20,6,300000,8,370305.7205512297,1
85138.85835171411,0.0,37,1,15,8,100000,25,345108.4774462924,0
137118.44839236225,0.0,71,3,12,3,600000,24,110623.81624195637,1
128940.56141285782,0.0,48,4,19,4,500000,15,97231.82303136456,0
71555.76810705845,15947.74378937512,34,0,12,0,900000,4,109167.28494856169,1
130259.39068953299,0.0,53,0,1,1,800000,21,384958.63501176593,0
98784.36704782554,0.0,33,3,4,1,800000,12,71225.43395555827,1
48662.09658812029,32410.79758399988,53,4,13,7,200000,6,448710.52264433226,0
26000.040340794745,71776.03418475173,34,3,14,8,100000,2,259611.4302983406,1
104328.65708630142,0.0,41,1,13,3,600000,13,199522.44485271265,0
20000.0,75000.0,34,0,15,0,900000,12,164583.2912127759,1
38949.22911004806,71956.94607603317,63,0,19,2,700000,17,427746.2630638155,0
24167.02321805675,75000.0,28,4,4,7,200000,14,388239.21096843283,1
22436.785431029486,75000.0,46,3,10,5,400000,18,128403.85400527199,0
115813.96753159002,0.0,61,2,13,3,600000,29,151774.08659682478,1
76953.8363690297,0.0,44,0,8,2,0,30,87853.70879655537,0
20000.0,29855.20861389718,70,4,18,7,200000,25,383717.5559574601,1
104391.53872505558,0.0,54,2,2,0,900000,21,272722.7830759263,0
21526.319527667423,70536.10211152401,65,4,17,1,0,4,430694.91526907205,1
22798.37056052396,16787.57413821332,51,4,7,6,300000,26,111707.29188026371,0
58920.8451248012,50251.810325072554,22,1,15,2,0,15,54011.13953852359,1
148709.63662327622,0.0,60,4,18,5,400000,12,293973.473736526,0
115993.28727668113,0.0,41,1,1,6,300000,8,479139.30777051864,1
142204.56338723627,0.0,47,1,4,8,100000,12,369379.1515735873,0
139995.80807694813,0.0,20,2,2,6,300000,12,50591.20324077786,1
127607.89243570488,0.0,55,3,19,3,600000,29,126900.2682039034,0
120316.00774130164,0.0,32,0,3,0,900000,15,295507.96414484404,1
147060.69358638086,0.0,44,0,2,1,0,22,0.0,0
48512.475902068356,33722.16508721268,75,4,3,4,500000,16,321987.06905966566,1
86668.30253208627,0.0,44,0,18,4,0,6,402686.03741937946,0
126680.50629850946,0.0,74,2,13,2,0,13,311855.5430904358,1
139186.23504616928,0.0,42,2,19,2,700000,25,36292.10938190443,0
97974.40395932944,0.0,34,1,11,8,100000,13,489774.87934749335,1
118432.95544216796,0.0,43,4,18,4,500000,28,184498.02972159223,0
66459.42177010991,0.0,44,0,8,4,500000,1,258372.48503704963,1
103574.36707086724,0.0,49,0,10,4,0,25,224673.15580598902,0
58057.6789549937,72033.85310415292,70,2,6,1,0,12,38549.57840428675,1
41508.77143498177,70739.44767832113,48,1,13,3,600000,12,328886.83470856445,0
52247.67119950709,53752.08405555756,68,4,7,7,200000,27,343371.3470166343,1
76402.38960001989,27931.70183457976,59,3,19,1,0,23,127628.33799528077,0
93540.3390287219,0.0,67,0,19,2,700000,15,500000.0,1
114029.22871329464,0.0,44,0,6,3,600000,3,151684.94755406427,0
124745.74580813684,0.0,63,0,10,6,300000,12,95206.96446066645,1
83597.97365068545,0.0,54,2,13,8,100000,4,310275.5029622085,0
100156.3826797921,0.0,79,0,1,7,200000,21,54121.759423713665,1
139594.9872825444,0.0,56,4,19,5,400000,15,338202.26507075934,0
125357.9929506588,0.0,36,3,2,3,600000,18,461550.15149251296,1
25067.334441928826,27784.933608105293,58,3,7,1,800000,11,280008.01774715335,0
74506.94284035526,0.0,36,4,6,0,0,14,416820.62982813566,1
146795.47806704938,0.0,62,2,15,2,0,21,295895.5449966035,0
67401.23727479257,34388.57176921763,28,0,7,6,300000,27,240697.64991204845,1
88960.28632989162,0.0,60,4,16,4,500000,30,338239.53471864236,0
34857.269706447114,40426.29869179491,25,1,14,2,0,19,101454.9290261696,1
111250.66745902726,0.0,54,4,12,0,0,22,294903.55593526433,0
20000.0,59754.738866734966,32,1,18,7,200000,29,98730.38659481527,1
138201.22586646077,0.0,50,4,17,8,100000,1,353863.91130070953,0
117709.94600886268,0.0,20,2,8,3,0,8,500000.0,1
29457.249613394728,54860.569397009545,46,1,5,6,300000,9,45740.93141913434,0
104760.3177183498,0.0,69,4,1,0,0,9,371375.8920748433,1
50870.85551513178,35070.76165246496,54,0,14,0,0,21,63942.15134331631,0
36789.675501141144,47405.46018512162,63,4,10,1,800000,11,85145.34693629394,1
82712.499236878,0.0,57,1,14,1,800000,26,245084.29017198033,0
66905.61647255188,69867.91332630499,20,0,8,4,0,3,438178.11249892233,1
121585.84607699364,0.0,48,1,14,0,900000,21,206548.0173309124,0
110047.669107493,0.0,26,4,12,1,0,9,317776.23226828215,1
73741.32154132362,56199.35810443426,57,4,14,6,300000,23,196329.40963328857,0
82862.49521676765,0.0,77,4,10,2,700000,12,269080.54123950563,1
114749.95049212243,0.0,52,3,1,7,200000,5,171765.53418550012,0
139134.72365226006,0.0,39,0,12,6,300000,1,500000.0,1
111360.81887420363,0.0,46,4,12,8,100000,13,343494.588436929,0
144877.43250084942,0.0,29,0,18,7,200000,4,343156.51170158637,1
59670.08800790143,28024.287242990576,59,0,11,0,900000,24,52959.415588372634,0
109215.95433388744,0.0,30,2,9,0,0,15,185320.5224277077,1
119608.94552733698,0.0,54,3,13,0,0,18,352038.3047588603,0
101168.70789512941,0.0,22,1,7,3,600000,1,453094.9567102996,1
80869.72776167378,29018.293603461338,46,0,18,4,500000,18,25618.96642516136,0
150000.0,0.0,30,3,9,4,0,8,268637.7161489612,1
52187.22589607356,15878.420972039292,52,4,18,2,700000,9,158988.6377218,0
150000.0,0.0,20,3,19,8,100000,11,237481.10111200876,1
98168.75942023373,0.0,46,4,5,1,800000,24,464206.1260536586,0
100451.61357498802,0.0,23,4,19,8,100000,11,162918.28252981775,1
64099.632158150074,71168.4430931741,55,4,3,1,800000,16,272199.4944553076,0
150000.0,0.0,31,4,13,7,200000,7,257679.88013162048,1
140811.46740956482,0.0,39,3,13,5,400000,17,43805.177134128026,0
121471.8160023341,0.0,41,2,6,8,100000,17,171695.98237759265,1
48792.41023474064,75000.0,51,0,18,6,300000,1,486802.5627356362,0
108397.84939759516,0.0,71,2,9,3,600000,10,356695.7376512129,1
27852.064503743717,49906.17025207768,45,1,2,3,600000,22,125628.2934808215,0
68213.06969638268,22192.201979166824,72,2,7,1,800000,6,156869.94410730997,1
117840.11627807672,0.0,40,1,5,5,400000,30,405339.8149421873,0
148363.54809220822,0.0,65,2,20,4,500000,6,200809.46618491437,1
130635.0720272634,0.0,57,4,13,6,300000,21,240215.13880731954,0
94930.82640450778,0.0,63,1,12,4,500000,5,286618.4489622108,1
81121.36835983605,0.0,41,0,18,2,0,15,257348.60822192943,0
120845.08445700108,0.0,30,3,6,1,800000,8,145822.61696505544,1
23388.91949080344,62183.06891425684,53,3,8,2,0,13,123379.39018063588,0
101830.76013973502,0.0,22,1,15,7,200000,21,84016.3841548965,1
90579.05141352405,0.0,52,0,7,7,200000,26,128362.34176118308,0
114013.25573046616,0.0,64,0,5,5,400000,23,389154.3350138521,1
61658.76858464882,12381.409439716786,59,4,11,1,800000,14,369876.09873568336,0
43395.621047487824,56343.12065846441,65,4,12,0,900000,5,189475.61752980205,1
134134.971058809,0.0,41,3,5,0,900000,23,341081.23511749477,0
132731.23771642506,0.0,61,1,2,4,500000,15,206656.18218319496,1
46965.628509093905,71503.58601787077,45,3,3,0,0,9,385472.9648172265,0
46286.17690523492,41520.36193618337,34,2,7,6,300000,15,207470.736483593,1
24604.153413757034,58913.76926397276,56,1,18,7,200000,8,251771.442226667,0
59509.42911724786,21198.759755844992,32,4,4,5,400000,30,32537.520221274754,1
30819.779350588095,10000.0,44,3,16,7,200000,28,371924.1454947492,0
123184.27858075587,0.0,79,1,9,7,200000,5,445300.7900483523,1
121370.56794962291,0.0,49,0,2,3,600000,29,412662.4934767412,0
82276.8048476847,0.0,30,3,6,1,0,2,3396.7876818510867,1
103616.0935448614,0.0,60,2,16,0,900000,16,0.0,0
115988.37687422828,0.0,79,3,9,6,300000,16,431544.2626165728,1
26148.49192974165,43209.6341453095,43,0,14,6,300000,23,101218.42622406664,0
88547.11121427502,0.0,43,1,8,2,0,15,99794.06045611172,1
148525.10207900745,0.0,63,3,1,1,0,28,103491.08375086045,0
30807.158144739034,46626.06461228885,79,4,6,1,800000,1,455475.6564815947,1
137588.56579086912,0.0,54,0,8,5,400000,25,347687.98575134436,0
147790.97614998382,0.0,25,3,1,8,100000,21,500000.0,1
70992.98493914274,0.0,47,2,15,0,900000,2,365304.84926497587,0
133383.79256982708,0.0,68,1,13,1,800000,15,63185.900181673365,1
119954.63969443824,0.0,42,4,16,0,900000,21,169672.90212152846,0
71063.49728936666,14058.028533982926,75,4,8,2,700000,20,489982.42207068135,1
37455.808103561074,35905.398903585825,40,1,6,5,400000,8,441694.31770611263,0
60693.23589008644,15810.491845626479,74,4,15,1,800000,22,465932.4132217621,1
49875.51508667043,53094.10256225098,54,1,7,6,300000,9,219676.94919918926,0
76451.41897295543,0.0,33,0,20,1,800000,21,5989.374377084843,1
34791.559318588355,68366.74261889583,51,0,17,2,0,21,305749.9485216122,0
124103.5053698698,0.0,25,1,11,2,0,22,229779.6890027079,1
112602.25342887909,0.0,59,3,20,8,100000,29,262196.8106679848,0
138951.62140045705,0.0,75,0,4,1,800000,27,274193.71760979743,1
130398.32271144941,0.0,37,4,1,7,200000,11,376517.8402703383,0
47276.35331176527,65926.76709159632,31,3,13,2,0,7,369914.70033122,1
27653.809343115,67801.75247412079,50,0,4,7,200000,13,278848.0337683885,0
60428.61746179141,75000.0,80,0,9,7,200000,24,246226.51571576705,1
122224.54789870817,0.0,51,2,9,5,400000,8,38795.24217873934,0
76612.95910033182,18134.207235627146,32,0,4,2,0,6,466452.7269056426,1
20000.0,74925.06635167939,62,3,8,0,900000,24,317974.9546956666,0
44027.54642936075,58556.47144957296,29,2,8,4,500000,30,454470.4309033488,1
96506.87660783096,0.0,57,0,14,5,0,9,159636.48692049342,0
22348.848004789197,58288.968795404246,68,2,8,1,800000,16,488100.4668304928,1
150000.0,0.0,57,4,5,0,900000,13,258722.8030200348,0
44543.87329483234,22659.95485701747,67,0,20,8,100000,11,350189.3463923784,1
96023.99080391706,0.0,48,1,19,3,0,15,398037.60401498247,0
24815.710495346004,17205.2046552874,26,1,6,0,900000,25,270697.42873398366,1
61079.23898926482,70824.1151929961,43,3,3,5,400000,21,63537.310679899994,0
72171.35899901681,32630.06476772214,76,0,3,3,0,2,431124.0210039306,1
78938.34195813983,0.0,49,4,1,5,400000,24,119885.22910844577,0
144160.60513938795,0.0,32,3,12,7,200000,20,218854.2421459087,1
39273.13784686548,29404.14093492157,59,1,3,1,800000,29,410967.0866215052,0
48398.856685132676,27012.63853990479,80,3,11,8,100000,14,68322.06784762749,1
105776.07714265594,0.0,45,3,9,0,900000,7,455594.64114908286,0
110156.21490694798,0.0,76,2,1,0,900000,16,321237.2220806552,1
133835.46305903618,0.0,59,2,1,0,0,9,434251.31519517273,0
114899.49575795532,0.0,65,2,8,2,0,16,197313.11400324086,1
147450.0101819738,0.0,44,1,10,8,100000,27,412724.4898589288,0
130386.59739891131,0.0,75,2,15,4,500000,26,448132.61291592673,1
150000.0,0.0,44,0,14,7,200000,18,79037.89169773056,0
55075.22158683311,17455.70418712251,75,1,13,4,500000,6,259443.41465627425,1
70120.2121193897,0.0,45,2,3,5,0,6,86325.64151672165,0
109180.40476231562,0.0,23,0,16,4,0,25,491326.394512766,1
97479.51662508625,0.0,46,0,20,0,900000,27,114284.97817713307,0
150000.0,0.0,75,0,5,2,700000,8,428459.945609504,1
35839.015643868,45881.61285219177,52,4,19,0,0,12,279519.7126417357,0
64293.680925655215,64703.49494194722,73,1,16,8,100000,21,82542.12181751602,1
20380.885701197534,43804.29541563805,45,2,9,2,0,7,150202.7483517645,0
128756.61601319438,0.0,35,1,10,5,0,5,41509.69785668755,1
150000.0,0.0,46,2,19,2,700000,17,402789.74861521483,0
68132.13230107185,75000.0,36,0,5,7,200000,15,134002.3941052005,1
34533.87444757186,53425.70155909754,49,0,12,1,800000,26,94104.73915086073,0
130263.7013478741,0.0,37,2,10,0,0,15,40426.1979875331,1
147263.0932737667,0.0,37,4,20,3,600000,20,18337.263133819848,0
150000.0,0.0,60,1,8,2,700000,14,270798.74425369466,1
92791.758831013,0.0,63,0,14,1,800000,16,404411.5388094812,0
139923.5459140526,0.0,20,2,8,8,100000,5,353932.9700574371,1
135249.54993122802,0.0,45,3,2,6,300000,12,445250.446607226,0
62108.46714082947,68590.59896882194,32,2,2,7,200000,13,440701.8969089066,1
102418.85691524344,0.0,48,1,15,3,600000,9,168242.8128196972,0
111794.66866761638,0.0,62,1,11,8,100000,11,290682.14616949024,1
94575.45438796468,0.0,45,4,8,3,600000,8,461266.35888555803,0
82955.07208780813,0.0,71,3,19,4,500000,25,253974.57327665723,1
57275.28599663386,73087.6338226797,41,1,9,2,700000,13,154607.89260771906,0
133249.34732625418,0.0,30,0,15,4,500000,10,419823.59206150286,1
63815.931927331796,65055.81792946744,53,1,4,0,900000,19,305153.9456350759,0
71993.32320801163,54282.32655040141,21,4,9,5,400000,12,403888.2055186232,1
31255.88683115069,71414.56582249994,46,3,5,6,300000,13,245868.85474971938,0
52641.48685402092,46455.2537112937,20,0,1,2,700000,25,51082.20955197792,1
23294.873910977018,28222.513376271854,50,0,7,6,300000,20,331650.20256138395,0
144304.39161721573,0.0,59,1,8,2,700000,23,356951.475487808,1
22832.475315716252,18840.530167265384,58,3,4,8,100000,25,441250.68921211234,0
58583.79706839071,38537.46384315987,32,1,5,3,0,4,451689.20547413797,1
139016.8451285397,0.0,44,1,12,0,0,7,452066.42309814575,0
49848.3546189853,75000.0,76,2,4,8,100000,1,422921.69553334033,1
70648.31913582796,0.0,38,2,9,1,0,29,270853.92614056735,0
109009.9503275945,0.0,66,2,11,6,300000,17,448776.6644384605,1
84719.97217052845,0.0,41,1,2,7,200000,23,80818.86541670408,0
111313.10852709947,0.0,25,1,3,2,700000,6,288984.8424380898,1
103898.90325241181,0.0,45,0,19,8,100000,4,109535.96704988665,0
36494.72160479308,59483.62977556805,61,0,15,5,400000,20,311453.0412399414,1
52893.37320162431,18528.4975013989,56,4,11,2,700000,5,10653.936911363224,0
80636.77507278895,0.0,22,2,11,0,900000,9,224006.8121597716,1
97357.94012823426,0.0,55,1,15,7,200000,27,288083.7327813421,0
35482.79896354469,41333.17351826675,37,3,10,3,0,30,168179.18975940233,1
148132.92051849273,0.0,56,0,13,3,0,7,424383.68827801454,0
55066.206790081254,35911.78732853591,24,4,18,2,700000,1,304222.43722524337,1
27840.669638134324,75000.0,54,3,5,0,0,3,408917.17376111686,0
27193.84658083246,29774.73817517494,23,2,9,6,300000,11,488179.86711493356,1
98967.47992767047,0.0,50,1,11,5,400000,25,243043.06613556723,0
45477.15810331037,10000.0,62,2,18,4,500000,22,202129.8402454312,1
36508.66206357608,21211.753086866884,44,0,5,3,600000,25,406441.9360245793,0
36630.72479174688,61642.28216908274,62,1,7,3,600000,8,283356.86562243884,1
136829.1801478838,0.0,52,0,3,7,200000,6,368826.1015024452,0
78731.90817231637,70023.90454071526,59,4,15,1,0,18,331168.5779065092,1
125088.47848854298,0.0,46,1,16,2,700000,30,493761.13042871474,0
72345.58176879567,0.0,55,1,15,1,0,7,19191.726787677268,1
49968.974066526454,12689.770992872593,54,4,9,5,400000,13,412143.97014421073,0
111817.77397527933,0.0,31,1,18,7,200000,1,162408.5508069949,1
133645.9564936947,0.0,53,3,7,3,0,1,383898.9470919488,0
115662.13604400183,0.0,39,4,17,7,200000,16,448643.4171101583,1
113601.88805521707,0.0,53,3,9,2,700000,21,305767.05875322357,0
148442.38541268732,0.0,70,3,7,0,900000,10,174739.82461352326,1
30845.449636592013,72577.38760429964,50,0,12,8,100000,16,232693.4617881627,0
49498.12024225137,55550.3634388745,20,3,10,4,0,29,418192.88567516266,1
106559.47603746619,0.0,47,1,11,8,100000,25,500000.0,0
33776.8406903623,38033.62823757625,23,1,10,2,700000,4,313825.89243075403,1
58739.02481263127,60584.40784417394,58,1,4,4,500000,19,453169.6390757686,0
28459.23007990684,64819.628258227,23,4,1,0,900000,11,254748.78791407877,1
112605.34904446594,0.0,49,2,7,8,100000,27,86810.17573826338,0
123578.257295021,0.0,34,4,20,0,900000,16,302770.3931291929,1
150000.0,0.0,47,1,15,1,800000,14,352351.38474590046,0
99813.65233445309,0.0,69,2,8,1,800000,16,288583.7288148033,1
88777.7788755665,0.0,59,4,8,8,100000,14,295438.10649878386,0
72746.00045799022,32372.56918097728,70,3,18,6,300000,21,444256.46613166755,1
75812.8508673168,0.0,61,3,16,0,900000,18,409481.82835746696,0
138430.61859408757,0.0,42,3,9,1,0,7,380261.3779009942,1
41688.76517201125,60607.036911539864,53,2,4,8,100000,25,89566.60711673547,0
104608.58086951094,0.0,62,3,13,1,800000,30,378017.3966847248,1
30853.70575043575,30482.71172655583,56,1,15,8,100000,30,447214.28314192314,0
129065.91796018834,0.0,28,0,8,4,0,9,452272.83724390704,1
116648.03150864628,0.0,51,2,6,2,700000,8,46721.20614635763,0
26051.320945996325,75000.0,25,2,10,1,800000,13,147464.1972929761,1
112703.91763795404,0.0,53,3,7,4,500000,26,271040.85843316047,0
106228.01067833767,0.0,32,3,2,8,100000,16,449142.7260269453,1
44093.33200181123,28867.560374382603,53,3,6,5,400000,13,113663.49223074455,0
80788.27017103395,0.0,71,4,2,1,800000,30,53346.36782767215,1
108415.26792758859,0.0,52,3,6,6,300000,4,469163.7176577874,0
71374.188990819,67463.70470886564,33,2,2,0,0,6,57378.13904319225,1
103441.80077070583,0.0,38,1,4,1,800000,13,355397.8179009401,0
115478.423412594,0.0,73,4,2,2,700000,16,385716.21459545684,1
25149.551019937913,21372.217963051433,51,4,7,7,200000,17,38282.873280370826,0
119859.66688466794,0.0,70,1,14,7,200000,7,275355.6758197055,1
150000.0,0.0,45,4,3,4,0,12,324865.50437126565,0
42543.01244311893,75000.0,80,3,19,3,600000,23,209025.64519035124,1
118966.89214914176,0.0,45,2,5,5,400000,10,391513.58249338256,0
123742.6964184491,0.0,65,0,2,4,500000,30,111081.12200635989,1
112410.23294594265,0.0,55,3,7,6,300000,6,464341.29807703197,0
138199.33717343464,0.0,30,3,10,3,600000,22,274893.23740443017,1
20000.0,16449.284916839842,62,3,13,6,300000,30,142982.76743824407,0
85249.94286946893,0.0,20,1,16,3,600000,7,219632.9122276992,1
64785.799264482266,53797.42342364305,52,2,11,5,400000,25,80893.33072997889,0
51542.10060307618,29058.254400382673,58,3,18,8,100000,28,23138.67516283814,1
141647.3076047285,0.0,60,4,17,1,800000,5,247591.99884825607,0
88552.51900518159,0.0,28,2,7,8,100000,27,238318.00297907132,1
107365.87051418854,0.0,48,1,13,4,0,21,232782.0116039988,0
32459.942360008026,10000.0,72,1,6,6,300000,19,385729.83381118276,1
33135.120442597676,45683.590838601915,52,2,1,0,900000,6,64428.65934756915,0
41533.39603966654,62438.26008035037,61,3,6,2,700000,8,269829.35906016803,1
79443.3595448103,0.0,55,1,18,1,800000,1,199952.3714510745,0
49945.308335185044,70116.22931644056,80,1,6,5,400000,19,244090.6918120027,1
103985.91492461236,0.0,38,0,8,2,700000,6,343485.562102519,0
44895.277068065356,36845.622433077435,59,2,19,8,100000,13,60746.425761774066,1
29946.400305368705,75000.0,60,3,10,8,100000,7,235845.6448908017,0
150000.0,0.0,75,0,17,8,100000,15,88266.02778948745,1
91758.92886563967,0.0,51,0,16,4,500000,20,91723.87716014431,0
134319.6875031891,0.0,69,1,13,2,0,25,207472.57012786047,1
20000.0,10000.0,50,4,13,3,0,24,364332.3598343414,0
132987.40927956536,0.0,29,0,9,1,800000,2,24348.88709373279,1
138617.0230384075,0.0,57,3,20,0,900000,16,433035.3368311204,0
107722.5651337798,0.0,76,4,17,4,500000,8,260237.92973892746,1
83117.467492521,11363.10121586058,36,3,19,4,500000,26,315821.6354501901,0
145497.40823579734,0.0,68,0,5,8,100000,24,280203.6047354517,1
140883.21184599306,0.0,42,2,6,3,600000,17,53740.199045535555,0
33378.25164701533,15369.16547062523,41,4,5,7,200000,4,404226.16751644027,1
81136.62375997368,0.0,36,0,5,0,0,9,455762.17836599523,0
135863.950842442,0.0,65,2,10,6,300000,30,187943.7736492387,1
99261.8746428475,0.0,49,0,16,6,300000,6,500000.0,0
70516.56084603083,26079.576992768412,25,2,3,7,200000,14,459137.5513444898,1
95941.07074824619,0.0,57,0,7,5,400000,14,467617.3311746129,0
45136.61305549316,26066.259075778824,71,2,7,4,500000,22,238701.06043720533,1
134633.94645544278,0.0,58,1,3,8,100000,21,352514.02962669276,0
125162.54582913258,0.0,74,0,2,2,700000,29,407730.1383782061,1
89445.73924481763,0.0,63,0,3,1,0,1,429872.98057693546,0
116979.18190068936,0.0,62,0,19,7,200000,17,250201.7247554093,1
34948.697209385,21116.558299368487,48,2,8,5,400000,23,84157.66516076933,0
79120.64704774773,0.0,68,3,20,0,0,15,83895.27972268795,1
98196.67230691589,0.0,41,2,16,7,200000,18,135311.85800721173,0
133481.88577425337,0.0,20,1,10,8,100000,24,309632.0628485987,1
37257.70528730703,71244.64588977535,44,4,2,6,300000,24,185461.74275850534,0
119962.54758408334,0.0,26,3,20,1,800000,30,450215.64133003907,1
20000.0,16889.728564830013,52,2,5,6,300000,17,490556.1970966,0
126623.23697755187,0.0,31,2,7,1,800000,25,63424.2042151506,1
48809.8945934291,23385.964932447314,46,4,3,0,900000,10,44856.05529461057,0
150000.0,0.0,61,2,13,3,600000,26,450444.2290137696,1
132990.13603462206,0.0,62,3,4,5,400000,18,126116.01986780082,0
72893.54580411884,0.0,28,2,12,4,500000,26,492879.3352699365,1
124910.3619156137,0.0,55,2,15,2,700000,6,329437.7617622108,0
129672.84649723508,0.0,25,4,17,4,0,14,178997.17262899183,1
77075.88245918442,19160.91728588238,60,1,7,8,100000,16,459800.051385197,0
111829.24757094767,0.0,32,0,12,0,0,25,342472.6100171999,1
92866.94954102424,0.0,47,3,9,0,900000,22,366302.399451067,0
129608.62306564912,0.0,39,4,9,2,0,14,60992.57544259241,1
62886.65249020104,75000.0,48,4,4,7,200000,5,33851.80182854635,0
97069.38837583452,0.0,30,0,12,2,0,25,165374.4143808322,1
48067.58439115877,37982.93942256688,60,4,1,1,0,29,169905.69009883437,0
85816.84529345245,0.0,80,0,7,1,800000,10,201944.64103786068,1
60006.40530612332,18143.794236534064,42,4,20,8,100000,24,269829.8093943575,0
144301.71378995007,0.0,31,4,4,6,300000,19,16923.70862577256,1
66912.20277640253,39495.23954751491,42,1,15,2,700000,9,173213.2148809272,0
131734.54210304056,0.0,25,1,2,8,100000,20,429800.1038194157,1
56016.100431688064,37054.351710326,57,4,18,4,500000,6,353804.45728556556,0
109967.76640602172,0.0,25,0,18,0,900000,27,347156.0399565754,1
64867.67887819933,23441.787644997472,53,0,15,5,400000,11,203226.5469691012,0
77628.57787486402,55764.756030121855,71,2,3,3,0,12,271054.51554919477,1
111991.45288360358,0.0,44,2,13,1,0,7,303254.7310974699,0
85562.24540945744,0.0,25,4,9,5,0,7,13728.700064036999,1
99584.65774337878,0.0,46,3,19,7,200000,11,198401.42428731243,0
43264.6054060809,44490.721916054696,68,2,11,8,100000,16,89437.27114335906,1
51952.59881739411,22542.072872834375,45,0,4,8,100000,24,403154.27089455,0
37919.16372285202,64091.77874795993,73,1,1,1,0,7,425265.5616596869,1
20407.084904593503,32315.741808081377,40,1,18,2,700000,11,410164.1642179283,0
104329.51500564517,0.0,64,2,1,0,900000,8,196175.73076837542,1
64064.91018869108,60681.51782079387,52,2,5,3,600000,11,171469.8605526993,0
141504.88481800098,0.0,37,2,20,4,500000,4,369403.40466708917,1
94855.61936153384,0.0,47,4,9,7,200000,1,116960.56765000682,0
31707.742705840687,53942.77367549867,28,2,15,2,700000,13,367057.08533889503,1
71124.07723587686,75000.0,54,2,6,1,800000,11,114923.4757870927,0
30229.74439636873,65682.00214090744,20,2,16,6,300000,7,133838.6361697539,1
97072.48975001575,0.0,46,1,13,8,100000,27,469614.5435625456,0
50480.157193593615,71740.01083907024,20,4,10,5,400000,14,363136.2830360925,1
94067.87453296257,0.0,47,3,11,3,600000,9,329597.3935673564,0
68548.0907004593,74875.14558145654,66,4,20,8,100000,15,25715.260216696726,1
20000.0,70211.61965635225,58,4,8,1,0,7,500000.0,0
137996.00007399093,0.0,32,1,18,8,100000,11,347173.93052114133,1
113294.99426692179,0.0,48,4,4,6,300000,29,481491.5941222009,0
102661.91603941443,0.0,61,1,17,1,800000,8,435348.78541239176,1
130747.95217122012,0.0,59,1,10,4,0,11,392110.06560331996,0
146608.0660530255,0.0,79,4,6,7,200000,1,47615.06392009566,1
136901.79096634543,0.0,52,3,13,0,900000,12,306337.1076719335,0
123431.91214250922,0.0,80,2,2,5,400000,25,411026.4260260672,1
136810.72365321752,0.0,54,1,4,5,0,20,216996.1081017986,0
150000.0,0.0,34,1,14,0,900000,26,194731.1329800101,1
96227.2933901421,0.0,52,3,6,2,0,9,55878.714498311696,0
107394.06822432647,0.0,80,3,18,8,100000,15,200175.81009073713,1
35039.84643576035,25289.867406916033,38,1,1,7,200000,13,345852.9737962332,0
83104.6061109138,0.0,74,4,2,5,400000,8,434530.36594186444,1
77046.42584155775,20560.819548211733,59,3,19,5,0,7,359809.8420130575,0
112288.45747703168,0.0,35,3,9,1,0,10,103239.57943823846,1
20000.0,50563.44929521666,54,1,6,1,800000,9,50555.91647498653,0
120791.52545937861,0.0,61,4,20,1,800000,15,221531.94458683225,1
87060.87835522849,0.0,53,4,14,2,0,11,475357.81517972116,0
105264.15448660005,0.0,26,2,12,6,300000,6,3151.374734715915,1
59327.11866789655,31077.908801343627,55,0,13,0,0,24,217545.67945927187,0
143562.51326975596,0.0,28,4,9,0,0,10,254516.85733837602,1
71361.2157535928,58496.91108177288,39,0,13,4,500000,21,343410.634415676,0
131873.72998230308,0.0,68,3,16,0,900000,23,300758.44863975345,1
102632.5621393921,0.0,64,0,18,4,0,2,5562.605957498003,0
147789.77551366217,0.0,34,0,11,3,600000,15,337085.04644145194,1
51388.675336855886,67370.87703594596,38,0,12,3,0,7,415241.74688030843,0
33657.58647953093,58697.30105033191,43,0,20,8,100000,2,443700.007431649,1
45292.49071386048,21033.679036984537,60,2,11,2,0,27,478826.6822320278,0
82604.84121809523,0.0,74,3,10,5,400000,10,500000.0,1
46737.23126076664,32022.809096931094,40,1,17,1,800000,1,293650.20594866126,0
133897.34194823157,0.0,34,2,13,6,300000,6,280048.7158227124,1
36814.77235130166,10000.0,46,1,14,6,300000,10,194749.2577159799,0
24839.087106652718,26500.45007013802,61,0,14,7,200000,10,169128.7021927772,1
48387.88262273093,29241.753972391984,52,4,9,0,0,12,362715.28624759027,0
39148.87034032329,69878.62695323005,31,4,3,8,100000,16,181939.58667068134,1
139507.08075274463,0.0,55,1,7,5,400000,13,150588.0546604944,0
34341.36187331148,18733.557083608903,31,3,16,1,800000,7,426656.23148664186,1
145154.05427009857,0.0,48,2,9,0,900000,21,500000.0,0
91406.60799661669,0.0,67,1,8,8,100000,19,89219.66196987464,1
58164.973027408916,63646.635938206506,62,4,17,2,0,1,384057.3619977958,0
128816.11748709895,0.0,29,3,11,6,300000,17,344401.6938958673,1
40869.53141324819,75000.0,48,0,13,6,300000,22,268828.27667589404,0
28735.26106642789,44615.03170790941,68,2,2,2,0,7,4595.62450441382,1
38767.24579052721,49361.91327118199,44,3,9,6,300000,10,258597.23256530124,0
103849.12688195573,0.0,66,4,16,8,100000,27,452066.0881549581,1
85448.00078243666,0.0,49,3,2,5,400000,30,115054.4002911974,0
140423.47630732393,0.0,40,3,1,5,400000,24,226069.0550201405,1
102669.95174496886,0.0,59,3,11,5,400000,12,421693.4602509313,0
29894.6570580256,33173.36722942072,43,2,3,8,100000,15,469917.7477349654,1
62870.95510307796,0.0,49,1,11,7,200000,26,11591.388339599027,0
137411.6711305523,0.0,24,1,17,6,300000,2,351696.4863624809,1
116612.39698414109,0.0,54,3,5,4,500000,5,257501.74795195754,0
90824.72019693664,0.0,25,4,11,7,200000,9,291369.2737379903,1
27694.161398914563,52217.162026075566,61,0,15,3,0,5,16462.09768903444,0
112085.2961325969,0.0,80,0,10,1,800000,12,368993.0646557407,1
137549.03079446734,0.0,46,0,12,8,100000,22,349350.7001537169,0
113190.3760249324,0.0,56,0,12,1,0,15,489555.40926329343,1
81709.48210529683,0.0,42,4,3,5,400000,3,267973.83209526737,0
121789.9207391789,0.0,20,3,13,1,800000,20,152359.79038352412,1
126454.76747839277,0.0,53,3,4,8,100000,26,430253.2434333669,0
136359.22408703895,0.0,23,0,2,7,200000,9,213620.59497876654,1
20000.0,52979.6217909149,47,4,20,6,300000,23,363486.698096555,0
59644.431904882076,15254.891165833022,32,1,4,5,400000,19,0.0,1
77288.01946253706,0.0,64,1,17,4,500000,7,89338.7515358073,0
37427.50778342521,72662.17141943087,80,0,4,2,0,20,421644.5997410002,1
137793.43617531718,0.0,46,4,15,8,100000,28,63696.98544813832,0
77965.6523960348,0.0,74,3,10,0,900000,7,439647.1258567026,1
39699.483391474765,50207.6911943088,51,2,15,2,700000,25,305517.7110785105,0
20000.0,56551.50700500585,22,2,18,5,0,21,201416.41121287108,1
133592.60558545162,0.0,45,3,15,7,200000,22,170121.72169710984,0
65225.60841546849,29187.253467114235,25,0,5,2,700000,21,483195.9821826595,1
122479.4964189617,0.0,57,0,11,2,700000,7,434812.6410516901,0
62359.288851165635,38527.19550754112,75,3,12,6,300000,6,422237.86060750845,1
53068.19105418912,65204.74904664287,48,2,3,4,500000,4,132461.05569455904,0
60870.51726232951,10094.804994709306,66,1,9,4,0,9,417571.421873163,1
112101.13816881842,0.0,51,4,17,7,200000,11,85369.62089054176,0
85219.76354825868,0.0,61,3,14,1,800000,3,352773.88850011356,1
77568.52725593418,0.0,55,3,6,1,0,2,233481.53428958415,0
114537.86713073846,0.0,64,0,5,6,300000,21,119634.17378440614,1
56956.50237391482,67290.88827674433,62,3,14,0,900000,19,241660.33819150875,0
58484.67016953491,55124.71282598527,79,1,12,6,300000,2,202010.43747970834,1
65595.6214238758,66216.6538103954,39,1,12,3,0,20,2206.8853282601667,0
82269.13603439975,59130.60200764325,64,1,11,3,600000,23,328608.2731533693,1
98719.45231812383,0.0,47,0,13,8,100000,21,263927.23590766004,0
34081.56063483328,19743.909676306743,70,1,17,1,800000,29,361627.6935117908,1
72720.00296479126,0.0,61,0,18,2,700000,8,256566.34914292794,0
126333.08234626424,0.0,76,3,13,2,700000,8,439417.43896699464,1
140883.18988782828,0.0,52,2,1,3,600000,17,122493.38420529019,0
142913.72415788283,0.0,64,2,19,7,200000,12,208612.57178228052,1
50132.55057198145,75000.0,51,0,10,1,800000,28,294069.55631548085,0
58243.12167118861,65271.396766534934,43,1,8,2,700000,7,448170.47409928223,1
35336.049402194796,75000.0,45,0,15,2,700000,5,396544.50663170527,0
34645.7353463514,75000.0,65,2,4,3,600000,29,190231.66223712245,1
51572.66207739282,75000.0,58,4,10,0,900000,2,47682.393888554914,0
106874.83172235408,0.0,80,1,12,0,0,23,183823.6247109831,1
52983.44912995731,19688.374049205715,38,1,17,1,0,7,97596.870007322,0
44701.07711195966,27895.294027606178,56,4,15,4,0,29,165557.55917323907,1
62327.73978361522,20968.035207050652,55,4,14,0,900000,23,63603.45928800684,0
135199.89659278415,0.0,80,1,11,0,900000,21,42569.59257180521,1
145377.60827683337,0.0,63,0,11,8,100000,17,147204.2709873731,0
73333.2052506312,23728.93884889072,28,2,15,0,900000,24,149539.20642313157,1
140984.91037089613,0.0,36,4,5,8,100000,1,177941.70140582137,0
108800.48909350351,0.0,20,3,6,1,800000,6,342880.5079037483,1
130158.20970784414,0.0,43,0,6,2,700000,2,347611.73289335234,0
108926.20892996962,0.0,64,2,14,1,800000,6,422255.4493267253,1
110365.14608100615,0.0,37,0,12,2,0,19,406819.43269051285,0
102467.64136446417,0.0,34,1,8,1,0,14,237012.55080322098,1
71834.26949243865,0.0,37,1,5,2,700000,15,75127.98548681443,0
108097.7657211854,0.0,57,4,12,6,300000,13,0.0,1
110365.02747318424,0.0,51,2,8,8,100000,22,58709.28836460825,0
85503.40395861844,0.0,31,0,16,8,100000,24,290401.1440183711,1
65350.410836061936,29559.055885834503,45,1,12,1,0,15,136557.57516737186,0
67800.1257112212,40571.739145274005,75,3,20,7,200000,11,243265.33072783938,1
150000.0,0.0,41,2,13,8,100000,26,49659.564041188845,0
60809.17696730232,74126.40304051536,69,1,3,2,700000,8,257841.07360006144,1
34767.245568386206,33568.94277816429,55,4,5,1,800000,18,363430.8070579249,0
140296.60922895494,0.0,74,4,14,3,600000,6,449120.7939259206,1
49813.213058687674,75000.0,54,1,7,3,600000,16,348372.7464726252,0
78422.55216734813,0.0,72,0,7,6,300000,13,329996.89170641656,1
124324.81510612303,0.0,56,0,18,0,900000,16,380679.93120550597,0
32827.338756568104,18944.979635534353,31,0,12,6,300000,15,171470.389533762,1
37922.23477383755,32015.178703280282,45,2,17,0,900000,20,318286.6796112851,0
135092.09712133967,0.0,65,0,13,8,100000,20,394426.4109509378,1
116816.0798288,0.0,52,2,19,8,100000,9,63199.62742832495,0
143317.5161383435,0.0,31,2,7,4,500000,18,8178.296912504935,1
129894.96099931252,0.0,47,1,16,6,300000,20,426571.55416755,0
100803.93342300216,0.0,76,1,1,8,100000,30,208326.71089535806,1
22141.725813555815,38779.543724937976,61,3,12,6,300000,13,182117.02798229217,0
45180.50554198669,13577.93975668176,67,2,5,2,0,29,153188.7657382882,1
118263.49399008999,0.0,47,0,12,4,500000,9,168928.31933365547,0
140704.4737560275,0.0,20,0,2,1,800000,26,460817.7321618653,1
144549.27151023987,0.0,57,1,4,4,500000,17,327479.9070280909,0
68431.07676479107,52864.13298866138,39,4,6,7,200000,7,0.0,1
102518.35641940177,0.0,57,4,19,3,600000,17,307238.2193912902,0
45157.275677699625,54113.52673772502,80,1,11,4,500000,16,482736.82592744956,1
96605.57391329683,0.0,46,4,10,7,200000,7,433902.5937901447,0
125568.5184891525,0.0,29,0,12,8,100000,24,400343.4845479383,1
76832.93933718138,46991.63894036372,55,0,17,7,200000,26,453445.67235729913,0
145127.00533167316,0.0,58,2,1,1,0,11,405440.446781933,1
73901.05114077266,0.0,46,3,17,8,100000,26,326379.75152029784,0
55905.876628229824,49060.0917437985,70,4,1,5,400000,6,447981.16600705223,1
94444.10403165195,0.0,55,1,19,1,0,7,298553.9692038353,0
73769.7404664517,0.0,56,0,10,8,100000,1,413495.7021860833,1
33822.293393744796,29447.744575739776,53,0,13,5,400000,6,69469.64882571832,0
126728.4043055949,0.0,20,3,7,0,0,24,151014.51704830822,1
94513.5759834019,0.0,46,1,16,4,0,24,382195.1739029834,0
133006.3204237929,0.0,65,1,12,4,500000,12,114332.21194678001,1
91571.45530696161,0.0,44,1,14,7,200000,14,411007.5115943923,0
65060.76020185671,49279.33049406296,80,4,20,4,500000,26,421987.484020052,1
55364.00144453072,31531.103901023504,45,1,1,0,900000,9,58835.31980477879,0
120320.33683399808,0.0,80,1,19,5,400000,26,413900.67323314666,1
61948.82125928459,41533.13053695523,36,0,12,0,0,23,329766.1515994717,0
57690.348408671656,72763.23628881962,28,3,20,4,0,23,304976.89284488634,1
64573.07184305321,73614.24893360343,41,2,6,7,200000,3,230791.58715473727,0
73923.63233629194,32956.72261098355,36,4,12,5,400000,4,138232.06379395275,1
22811.759713283103,32825.632800592975,50,2,14,2,0,9,469838.703544826,0
86108.5174695538,0.0,27,0,19,0,900000,6,53764.78032413838,1
98479.42962283231,0.0,59,4,5,2,0,21,387846.38368277106,0
65557.04829054742,21862.250131609046,67,4,18,8,100000,8,261821.57809785876,1
39714.331765955874,36752.31415666158,54,0,10,4,500000,2,302203.7931157224,0
26330.36029091934,11664.109366668048,63,1,19,7,200000,23,318028.3584750979,1
34557.295623049955,75000.0,36,0,15,3,0,17,28630.15907210219,0
107869.90753270246,0.0,29,0,19,8,100000,19,448350.9305801156,1
124204.08939637324,0.0,40,1,19,8,100000,17,23388.978310920094,0
75689.77103413483,23141.944549137304,40,2,11,0,900000,6,14230.979747232663,1
86342.23737052693,0.0,42,0,8,0,900000,20,375234.12845412665,0
130679.43041227492,0.0,70,4,5,7,200000,1,440222.9786382743,1
83387.2407100482,0.0,47,1,9,8,100000,24,0.0,0
20000.0,43500.201640973355,67,0,19,1,800000,27,305702.7934924457,1
94461.16271771694,0.0,42,0,5,6,300000,12,432580.6277547574,0
23432.461836043243,53271.373048228386,79,4,16,4,0,1,71014.7079889535,1
23668.458595778782,34623.65036826779,40,3,6,7,200000,26,127625.95437648345,0
79996.4662366729,48366.83639642645,37,0,1,4,500000,14,325907.2479556576,1
47483.75968792284,51784.07124811419,55,1,1,1,800000,15,365976.1714675607,0
91587.97196502841,0.0,61,4,9,7,200000,21,267795.7652019791,1
30117.75211524185,52194.47394079944,42,2,15,2,0,25,164311.92726303535,0
84574.18089320717,0.0,73,1,17,0,900000,6,341451.51989751594,1
74771.98061363773,28736.475353754577,54,2,17,3,600000,15,414268.91907422093,0
92829.16132712476,0.0,32,1,20,2,700000,9,398617.7455678092,1
107836.77444959423,0.0,45,4,3,4,0,30,231152.7614876785,0
62295.45406168647,10000.0,67,4,13,3,600000,7,160398.87717414778,1
52670.424094061964,14376.13958929891,51,1,11,1,800000,17,0.0,0
104959.75329830359,0.0,29,3,8,4,0,24,500000.0,1
63655.59704205279,30521.940597546396,57,2,5,0,900000,8,142480.5372483989,0
129147.0618228754,0.0,31,4,14,1,0,13,480001.99613141094,1
91219.7448156167,0.0,63,0,7,7,200000,11,427767.93110165,0
73820.40878330846,0.0,68,1,13,1,0,28,358074.62342258135,1
42111.40410358685,41077.74709318908,60,2,3,1,800000,20,371772.14987523115,0
48340.88702504174,56150.90723996409,25,2,1,6,300000,6,266644.44055666873,1
71190.62223954355,0.0,56,2,2,8,100000,24,225363.32434408297,0
102838.54746750492,0.0,71,4,14,4,500000,10,262929.9374544608,1
74757.91095721634,0.0,61,4,20,4,500000,16,387051.7957117957,0
83046.59095062823,0.0,27,0,9,7,200000,6,34740.86057336023,1
150000.0,0.0,57,3,19,8,100000,30,500000.0,0
79592.84258503167,59991.52792216982,66,1,16,5,400000,3,445555.8830966601,1
60770.995787406355,34871.24986146794,41,1,1,1,800000,6,436115.9313240335,0
46042.838225563035,67246.25272255063,64,4,12,2,0,27,336811.31069629017,1
87096.0889274559,0.0,40,4,20,6,300000,21,109380.95644331735,0
106960.5949867967,0.0,22,3,2,7,200000,27,54816.70320227989,1
122681.5531660332,0.0,56,4,18,7,200000,10,406784.6415329004,0
148820.88931676635,0.0,76,4,11,2,700000,30,141359.4148932867,1
131596.16347485138,0.0,44,3,15,6,300000,10,0.0,0
64001.55770615722,39589.9038469572,33,2,3,1,800000,13,405028.0832387485,1
116917.91122890041,0.0,42,1,11,2,0,29,379962.0578600282,0
107973.54414545311,0.0,78,0,9,7,200000,19,393777.68789163354,1
55060.290065534515,15069.242630167177,53,0,11,8,100000,15,436109.3943854827,0
92454.49138239783,0.0,67,3,17,7,200000,11,393662.9859292442,1
138399.4522265183,0.0,54,2,1,8,100000,4,145538.34668995213,0
45082.43375651503,37482.537753956356,34,0,11,4,0,21,92612.71729423046,1
143838.18946148892,0.0,50,3,14,4,0,30,206085.77497364016,0
119893.94729812007,0.0,23,1,12,8,100000,7,421354.7346549095,1
96384.67704186852,0.0,58,4,12,2,0,13,282922.3070547741,0
59956.07298308401,75000.0,74,0,6,8,100000,10,192586.3349557443,1
101352.95804621538,0.0,48,4,15,3,0,28,0.0,0
126778.38593539444,0.0,43,0,3,4,500000,1,53718.301057489814,1
132533.7924042124,0.0,38,3,14,6,300000,27,121089.59572413372,0
101626.91932104046,0.0,34,3,20,4,500000,4,160778.8048336514,1
32306.557675520748,51960.51783734605,42,4,5,2,0,23,412124.1817438628,0
127932.76860465284,0.0,25,2,19,3,600000,24,280339.338420354,1
150000.0,0.0,41,0,13,0,900000,3,121471.09304138304,0
144869.39612174788,0.0,38,3,13,5,400000,19,0.0,1
103004.81891068444,0.0,46,2,14,3,600000,11,338658.7692930833,0
137330.87850115,0.0,28,1,18,6,300000,11,266363.7360416033,1
48334.65575648687,75000.0,60,2,8,8,100000,25,307876.60591082345,0
133831.68205551413,0.0,37,2,15,2,700000,20,211210.86774611787,1
128851.98640492259,0.0,43,4,14,5,400000,23,90979.83103288498,0
134143.38938030947,0.0,26,4,6,8,100000,22,421798.6412822221,1
86913.02659400195,0.0,48,4,10,6,300000,13,324735.7090524257,0
71414.9848861315,0.0,35,2,19,5,400000,19,149599.19797630576,1
70221.65588117749,75000.0,36,4,6,8,100000,17,116382.25217012884,0
92402.99207876284,0.0,66,1,14,7,200000,4,402979.7501601124,1
22802.336157768146,46168.065173402894,51,4,14,3,0,1,490264.5015381105,0
65780.66393521435,19516.629484299585,20,0,11,7,200000,6,66806.94101908589,1
111921.50318723233,0.0,52,0,3,8,100000,7,39486.555980006815,0
113343.61659871659,0.0,32,3,5,0,900000,24,63813.62272407069,1
100544.83510590145,0.0,48,3,17,4,500000,13,0.0,0
103360.23854609142,0.0,72,4,19,1,800000,4,207935.9475615246,1
126268.23312018366,0.0,54,1,11,3,600000,16,460561.35606660444,0
111015.49313981051,0.0,63,4,16,4,500000,11,157866.84393820845,1
122321.29727178613,0.0,47,1,12,7,200000,2,367875.9064282548,0
83371.37259236559,0.0,25,1,12,5,400000,20,181771.2355362269,1
69550.96806689157,39986.379987112305,47,2,15,3,600000,8,103349.02395538046,0
107024.71800642936,0.0,69,2,16,4,0,14,500000.0,1
80030.69403935732,56983.673892722174,54,0,9,7,200000,15,342116.3049479522,0
54395.12532434379,10000.0,66,1,16,4,500000,22,197222.71303335772,1
150000.0,0.0,41,2,4,6,300000,6,81986.02537644409,0
82100.73418402448,0.0,31,2,12,8,100000,1,203062.35645413637,1
141315.6894683964,0.0,57,1,13,0,900000,29,202330.37806948356,0
150000.0,0.0,60,0,5,8,100000,18,240861.51670064416,1
25698.571400922916,24313.101796623072,54,4,19,2,0,25,322259.68882335915,0
69620.58037109085,41787.418712280945,35,1,12,5,400000,30,57833.76089445205,1
32460.6874679145,40578.37260862861,48,1,17,0,0,3,62719.47918952057,0
142660.8675925049,0.0,32,3,5,2,700000,6,170457.75756748405,1
41688.45237987593,48680.43701691802,54,1,13,0,900000,18,191898.37082001055,0
90305.1026868294,0.0,20,3,14,7,200000,2,320609.56874917104,1
75261.5386783975,0.0,60,0,10,1,800000,26,266888.7293086894,0
32548.34186117715,57775.77791745872,64,1,20,0,900000,30,76632.9029276158,1
113033.83799133557,0.0,48,4,19,1,800000,16,117173.30681532595,0
150000.0,0.0,23,4,8,6,300000,23,429658.96224679594,1
127760.11185724683,0.0,42,0,16,4,500000,6,154983.329477873,0
27152.09712756776,19401.029924326984,72,0,5,8,100000,3,328851.58350515534,1
69234.45066616582,62876.709797224205,56,3,4,7,200000,5,467835.32127945987,0
67488.35675128651,23107.67064447247,80,3,1,5,400000,11,121506.81770558504,1
127597.48218712976,0.0,51,2,15,3,0,17,44729.69621837151,0
68886.68112502068,0.0,64,4,12,4,0,14,405198.0308394942,1
142091.13852902193,0.0,39,2,12,6,300000,5,235472.36348188057,0
60806.80081714876,75000.0,66,0,7,0,900000,9,500000.0,1
120171.51961325559,0.0,47,0,9,2,700000,10,478270.39786370157,0
107163.00018881909,0.0,23,1,4,3,0,30,246286.1721010484,1
41469.321715512575,75000.0,56,3,10,4,500000,1,75085.48026910005,0
31368.753966165204,51559.41503012921,33,2,3,2,0,5,320308.5520585093,1
33484.621271450465,75000.0,40,4,12,5,400000,1,166617.88308294638,0
47946.41350517355,75000.0,69,1,19,6,300000,4,180423.99358668944,1
132589.3696907851,0.0,54,1,9,4,500000,10,98317.22104036344,0
103954.27120342749,0.0,73,3,12,7,200000,30,217809.2478263581,1
132197.71058922613,0.0,55,4,2,3,600000,20,369737.914312168,0
97655.70117928396,0.0,63,0,19,4,500000,2,176254.364028965,1
143495.41888045846,0.0,50,4,1,0,900000,16,135696.43096210132,0
130687.0172587101,0.0,72,2,20,6,300000,29,383074.24038769735,1
20000.0,25516.94229318654,43,1,10,7,200000,8,221659.1221046641,0
45528.51927270803,57224.606241294685,32,3,20,7,200000,23,359755.1643656633,1
43255.23921838356,64416.12800669463,61,1,12,2,700000,16,319088.11432006484,0
20000.0,41928.4157933005,35,2,8,3,600000,7,224904.4002005366,1
126797.8580900676,0.0,48,0,5,3,0,10,51350.93402375826,0
93088.6295952057,0.0,73,4,9,0,900000,4,404801.1253154633,1
118726.76945667385,0.0,44,3,4,6,300000,7,38583.76565117958,0
118380.19917280997,0.0,32,3,5,1,0,27,219149.17615031183,1
124068.4406215151,0.0,51,3,3,5,400000,4,42580.58219551176,0
29729.29727684743,75000.0,26,4,2,1,800000,30,140824.01220314982,1
99066.84453390137,0.0,51,4,4,8,100000,5,146010.05354467488,0
80777.50983241329,0.0,30,3,16,2,700000,2,287935.29443458293,1
73126.30477184891,16326.6993367957,56,1,1,8,100000,28,187293.9803611803,0
72489.32560300615,0.0,38,0,7,1,800000,21,256921.88587238095,1
56558.4254516582,75000.0,44,2,1,0,0,10,299983.14217157115,0
20439.19871756026,20624.71603432942,29,2,8,8,100000,21,73403.32743787066,1
145901.2462979198,0.0,57,2,4,7,200000,18,482085.41858068644,0
80306.41663185945,0.0,31,2,4,8,100000,12,28798.88258300288,1
83419.1578783448,31914.576779888805,46,3,20,5,400000,28,381961.2048354936,0
91190.50758700911,0.0,36,4,18,6,300000,1,166460.37803233048,1
40728.33187570377,13004.3668943851,55,4,5,5,0,13,495114.6089031921,0
47891.77465681242,10000.0,26,1,9,1,800000,8,359014.29605372995,1
145609.4590962453,0.0,35,0,8,2,700000,1,208582.9867299213,0
20000.0,62127.85330799596,64,0,13,7,200000,24,394132.8520175593,1
98565.66546318907,0.0,56,4,9,0,900000,8,26399.454245749865,0
40652.97095670899,75000.0,22,1,6,6,300000,17,164954.1932420059,1
44015.90613345849,32859.01145614597,46,0,13,4,500000,8,233963.92620288956,0
144510.0447880775,0.0,29,3,4,0,0,30,491592.3230686735,1
27829.50934795616,60079.74210408648,52,0,2,4,500000,5,470148.6273758127,0
90814.15850330635,0.0,39,1,8,8,100000,17,371960.3158693193,1
128896.40038895988,0.0,48,3,2,6,300000,12,242137.0650260611,0
135998.3196194773,0.0,23,3,5,5,400000,24,395047.9822155083,1
75421.93002935096,69230.32050674982,54,4,15,0,900000,8,353045.55678608903,0
43493.66521387227,17612.025337648156,65,0,18,6,300000,21,243980.96535021934,1
148403.5857577676,0.0,46,0,1,0,0,24,461880.3019862577,0
105326.91003784904,0.0,63,4,3,2,0,29,84815.77004260747,1
35244.93128030219,75000.0,52,1,5,0,900000,22,53774.921043757204,0
150000.0,0.0,35,0,5,3,600000,23,99490.32073994381,1
54148.89819091919,75000.0,48,2,9,4,500000,10,373560.9340030444,0
37415.52543468703,75000.0,25,0,10,3,600000,12,112146.33914739259,1
114175.96224366868,0.0,54,0,13,2,0,15,204649.01004818664,0
118557.53983555647,0.0,36,3,8,7,200000,12,58314.958777742984,1
39049.75008166479,71662.08233258012,53,4,11,5,400000,21,379719.0105303249,0
74873.09866585744,75000.0,20,1,17,6,300000,15,175638.80050144502,1
52694.99799828466,62134.88690987307,57,1,19,2,700000,23,233241.27464335627,0
86944.4134971461,0.0,71,4,17,3,600000,20,205581.9483823959,1
20000.0,20516.21532439291,46,2,19,7,200000,23,232796.12729457978,0
63032.580094317826,14281.521466672988,80,3,6,8,100000,8,138653.62114812213,1
103093.07838446798,0.0,53,3,10,3,600000,12,337520.68074401416,0
59752.0212768271,70846.49990014055,30,4,12,0,0,3,26063.437041777383,1
76465.47753156374,0.0,54,4,18,2,700000,6,16700.72438146648,0
150000.0,0.0,70,4,17,0,0,21,216393.75121554866,1
97955.11954856671,0.0,51,2,15,7,200000,30,16481.62346571325,0
107576.95629933426,0.0,72,2,15,6,300000,18,387080.78026776225,1
140360.00469354185,0.0,57,0,1,7,200000,20,174669.83152521512,0
63099.47430925059,24162.78206378474,70,3,12,1,0,1,479463.7698809695,1
145515.29959121073,0.0,42,4,11,7,200000,8,448808.07909116655,0
101310.23803159728,0.0,74,1,10,0,900000,24,101855.04239025533,1
84858.41041560554,0.0,38,4,6,2,700000,22,364586.5366676907,0
104319.31472318542,0.0,77,0,10,7,200000,20,302469.6197809053,1
80170.89757864163,0.0,65,2,2,3,600000,14,137747.0089229471,0
75093.1457570751,49160.93172857261,28,1,14,4,500000,28,401584.68810168974,1
148709.57815308665,0.0,58,4,2,4,500000,13,5385.790666216228,0
94503.41917922116,0.0,71,1,14,0,900000,23,81921.89101317283,1
75388.27064750534,0.0,53,0,14,7,200000,22,68401.87310406094,0
32588.568969901706,16792.92150877895,62,1,8,3,600000,22,392254.76481607015,1
53755.63794815104,72216.0030247664,45,2,20,8,100000,21,240088.42470345274,0
51081.281346496806,56380.45627846515,75,0,3,2,700000,19,240438.5626358771,1
132626.3593154904,0.0,55,3,1,6,300000,25,22488.961734422664,0
55334.985867833806,46026.81771810478,77,4,9,0,900000,28,397839.72049456096,1
22265.022105480122,75000.0,56,4,20,7,200000,7,237540.70283856642,0
81644.83729095937,58435.39383062139,65,3,9,1,800000,1,193663.6400942586,1
104922.75440308441,0.0,46,0,5,7,200000,5,467254.7198660799,0
40194.50830811498,39499.511038151526,65,2,3,6,300000,3,238676.75136820474,1
102752.9675545516,0.0,50,0,17,6,300000,30,6867.271144979364,0
133543.57620022184,0.0,24,2,8,3,600000,16,330691.76760213176,1
61929.18573621137,59823.580761932535,44,0,3,0,0,20,415384.6492834625,0
35930.09962009825,40291.61072251163,25,2,10,7,200000,28,432359.9709225392,1
141161.3971918401,0.0,54,2,20,7,200000,13,347134.059582915,0
104539.16645244867,0.0,71,2,6,0,900000,10,171441.2431060773,1
115342.5819022683,0.0,47,0,7,3,600000,27,481196.4815889357,0
91340.55632526586,0.0,75,4,15,6,300000,23,337670.2631036712,1
117248.07757710709,0.0,50,3,6,4,500000,22,171415.3479264254,0
33776.01519190203,40530.57046145438,30,2,5,7,200000,3,67883.75628621371,1
21988.3261498954,45724.69238016204,43,3,17,8,100000,23,160761.52671000353,0
134869.74335601585,0.0,80,4,4,2,0,29,357352.1692072477,1
76578.90320340377,0.0,53,0,9,5,0,20,458038.16541189386,0
59111.281491085414,54890.57856886972,79,3,10,1,800000,2,29076.21488443411,1
119935.7266315747,0.0,44,3,4,1,0,12,316818.01235578174,0
150000.0,0.0,77,3,1,6,300000,6,279885.32653586287,1
47761.639168905116,75000.0,36,3,7,1,0,2,105437.13243006667,0
86160.85464332739,0.0,75,0,13,6,300000,22,414166.9190285189,1
92232.89357731695,0.0,53,1,11,2,700000,3,499967.707417876,0
129078.982356055,0.0,66,4,10,7,200000,9,88747.09141453657,1
53511.34521710635,43031.12889757736,40,4,14,4,500000,16,492513.3129219855,0
55514.47130077165,52925.82549791318,72,1,9,5,400000,25,347660.6375330575,1
139988.71916530543,0.0,54,0,10,1,800000,16,499296.1746260002,0
57559.92664994842,51590.52143256158,35,2,17,4,0,17,216034.00335757257,1
94907.3154208942,0.0,40,2,18,7,200000,16,0.0,0
64202.82763379074,74253.2112722192,59,2,6,6,300000,19,161010.0592267037,1
97707.42009742692,0.0,37,4,3,0,900000,3,443095.59606829076,0
67769.04733230175,10040.818873443575,61,3,16,2,700000,14,55122.639169127586,1
91713.87461005794,0.0,55,1,3,6,300000,6,424259.1931126501,0
61799.05933438151,35634.30966491776,34,0,7,0,0,19,90818.24134478837,1
52300.73452089223,43462.17153114337,43,3,3,3,600000,23,342166.0172613564,0
62836.98014111621,15781.273083616794,64,0,5,0,0,18,52362.50108000138,1
48517.12724492801,11015.735842389155,58,4,20,0,900000,19,225847.62378150603,0
86393.31245678873,0.0,62,4,19,0,900000,5,306040.28715110646,1
85775.87439252865,0.0,54,0,20,1,0,24,403582.01757193526,0
121444.21327596459,0.0,20,1,9,4,500000,16,0.0,1
118381.54350892457,0.0,46,3,12,2,700000,29,288276.5864510278,0
149871.7379856818,0.0,27,2,15,0,0,25,465414.42672037496,1
28560.838277164094,42231.342796175784,55,2,13,6,300000,17,122097.43068708407,0
25509.85639553165,53988.0616535151,29,1,17,5,0,26,383252.8373743862,1
32019.04778676412,62338.66100202041,49,2,15,5,400000,13,199835.29800461108,0
93988.98908540004,0.0,26,1,2,6,300000,12,142472.9861947791,1
28097.106457484344,41411.64749046498,49,0,10,3,600000,26,4045.3048355198443,0
61529.2500212356,71384.17439574334,80,1,16,7,200000,8,452665.38297718414,1
119598.5587185892,0.0,47,3,14,0,900000,1,425267.7144159387,0
36979.13142406186,75000.0,74,3,7,6,300000,9,262637.7976385717,1
144945.31387430668,0.0,62,1,9,0,0,20,243756.68511848478,0
67614.48844796396,66818.87121495321,42,0,8,4,0,18,145041.52553516402,1
34165.97128512771,52436.583565299465,53,2,19,5,0,3,160048.23624030373,0
45380.440943780675,66303.76484841079,66,3,12,6,300000,13,123071.29385567461,1
49527.929059760034,62808.01088826636,53,1,8,5,400000,28,215253.59455079387,0
124990.66704907987,0.0,59,0,2,1,800000,14,293704.16340799595,1
134560.20395794246,0.0,58,2,18,4,500000,30,401116.0088743847,0
113679.04597990379,0.0,69,1,18,3,600000,15,83685.26097110876,1
33868.982402376576,56747.20875939291,43,2,6,4,0,17,90091.04055774565,0
112243.27924799157,0.0,29,3,16,4,500000,27,447744.1245858133,1
47650.22843393276,28826.601948883374,37,0,6,1,0,24,432606.14973320946,0
110449.1933661711,0.0,68,4,5,1,0,3,439480.6062155118,1
31667.63512356733,60971.324841576155,42,3,10,8,100000,13,500000.0,0
36503.949248620665,29819.15434123664,28,3,20,3,600000,7,467823.01154677564,1
46093.5335511561,11617.479897326335,54,2,5,2,700000,15,379791.4102574685,0
150000.0,0.0,20,2,7,6,300000,23,253388.25900872616,1
45492.790458013915,54037.25994098373,42,3,6,8,100000,4,455577.7707252751,0
37290.404334611296,24243.60457738008,39,3,2,0,900000,19,132806.81812047085,1
76768.00807595132,0.0,50,4,13,8,100000,20,347116.6727110548,0
26513.382187970805,33755.04380451753,58,4,8,7,200000,4,264510.3100222642,1
136330.34154780227,0.0,53,4,17,5,400000,11,316715.4684876768,0
118571.29397934144,0.0,20,1,6,1,800000,11,336850.17868072237,1
115586.86693960341,0.0,53,3,2,6,300000,10,500000.0,0
76171.2089160231,0.0,35,1,18,5,400000,1,442259.03752051253,1
43848.30772463072,24052.493637683197,39,4,13,3,0,16,189173.57744720994,0
95769.4104987141,0.0,36,0,16,0,900000,5,46322.20060585796,1
81224.45165724256,0.0,52,0,14,6,300000,4,312129.9010436224,0
113172.5312403588,0.0,70,3,7,2,700000,11,431757.6039148476,1
88432.90703036709,0.0,43,4,12,4,500000,12,357152.4584366792,0
82108.2248722217,75000.0,68,2,18,1,800000,14,351107.7317359884,1
114042.46405210228,0.0,38,0,20,6,300000,18,61668.80132878088,0
123174.97808545796,0.0,66,4,13,4,500000,22,461983.6438074974,1
85801.43461807133,0.0,62,2,6,1,800000,1,345125.92578250763,0
28123.434946737503,29020.58783053453,39,3,20,4,500000,1,445386.4203638807,1
88559.61436527983,0.0,55,0,12,8,100000,26,418759.0557784369,0
146872.600878659,0.0,64,2,2,5,400000,21,38622.86499997193,1
72033.79515157061,0.0,57,3,16,1,800000,16,0.0,0
131229.2982354084,0.0,69,4,12,0,900000,28,382275.39334264625,1
36712.74441577782,21550.918977679095,58,2,6,2,700000,30,468806.28479332215,0
113533.97008157178,0.0,76,3,16,5,400000,11,149507.75762126112,1
150000.0,0.0,47,3,6,5,0,23,418361.5801752165,0
125470.22041970643,0.0,34,0,4,6,300000,13,264914.13817340095,1
65882.42721500003,43978.92439271415,56,0,5,6,300000,27,212896.94102254556,0
106103.34906140111,0.0,63,3,16,0,900000,11,155053.16618823408,1
61930.37933908655,75000.0,42,1,11,6,300000,3,255761.06517381832,0
26959.271011109828,75000.0,20,2,5,0,0,30,353222.16779292555,1
108856.626614553,0.0,57,4,3,8,100000,1,500000.0,0
63437.594208283976,41906.43823922273,74,4,14,3,600000,10,223288.0883921694,1
119718.38035698324,0.0,48,4,18,2,700000,26,458896.41948740673,0
50048.49420447207,31264.03316877471,22,3,17,8,100000,19,0.0,1
59996.38996704686,55059.423420021274,47,4,12,8,100000,20,79212.65242909142,0
143110.0855812524,0.0,70,1,4,5,400000,3,212326.89360236106,1
147037.4381479227,0.0,55,0,7,3,600000,8,87005.55127809859,0
56634.528836775775,28405.204971080337,27,2,17,3,0,15,221930.77127133735,1
70729.07327374283,0.0,59,0,19,5,400000,26,491173.5240843983,0
73870.07005953637,0.0,32,1,7,0,0,14,397156.82017803274,1
114444.9245241545,0.0,47,3,6,0,900000,13,31457.829400821996,0
38988.50612013955,43581.83079410666,66,3,19,7,200000,30,119669.88255892915,1
104389.84750006867,0.0,61,1,6,7,200000,7,75408.49589227888,0
51612.61006618001,75000.0,68,3,1,6,300000,11,296982.7924037807,1
67133.98173920611,46237.44621027009,50,2,20,6,300000,25,140255.6339724158,0
63911.9988436306,45117.472121958745,28,2,12,3,600000,12,440016.6865475814,1
96071.34807580459,0.0,43,2,8,4,500000,4,145796.9145271694,0
93712.86061944641,0.0,21,2,8,8,100000,25,241606.4420837529,1
80578.7689498738,26359.326841857182,47,2,13,6,300000,8,106658.96424522923,0
23798.202426638592,50425.15640084038,70,0,19,4,0,5,0.0,1
132599.39518490713,0.0,41,0,13,4,0,9,345534.0479625911,0
141612.95768265653,0.0,20,3,3,4,500000,29,169720.24697535447,1
91228.7887390925,0.0,56,4,10,1,0,4,496279.98639665626,0
83169.18192189757,0.0,22,3,19,1,0,18,394053.8592908574,1
31307.323064402164,12845.720939473453,45,4,7,8,100000,9,254826.23534151193,0
56026.69698429591,21881.140903736705,74,2,10,0,0,27,126328.69158315388,1
139336.89747745157,0.0,50,1,13,4,500000,5,258827.85374174407,0
150000.0,0.0,73,0,18,8,100000,27,170287.03616280243,1
63014.187648021034,0.0,55,0,4,5,400000,28,446260.99662927195,0
150000.0,0.0,39,0,15,1,0,7,368882.3603093674,1
150000.0,0.0,38,3,16,7,200000,18,423665.1882190953,0
131283.45758869284,0.0,75,1,14,4,0,18,192170.0334604121,1
29519.228846495025,60060.04809830231,38,0,17,2,700000,12,213176.9116889743,0
92971.26743277659,0.0,64,1,5,7,200000,11,137222.9276668761,1
128104.28156363021,0.0,44,2,4,2,700000,15,71186.09836200201,0
20083.90162149405,49453.34257366558,64,2,11,5,400000,12,308254.7746995467,1
70458.07972448424,52342.10562325567,36,0,6,7,200000,11,277336.98499352246,0
39511.72483315767,15008.693343581464,76,0,2,5,400000,14,154548.04577086415,1
20000.0,26703.94209247747,51,0,12,5,400000,16,166128.80096846004,0
137301.29616600747,0.0,75,4,8,1,0,14,3049.4691906799,1
150000.0,0.0,45,4,4,6,300000,12,152880.55672199046,0
49735.231281053566,43873.4625273575,29,1,10,2,0,15,193248.12212855372,1
107500.61916762937,0.0,49,0,18,7,200000,28,110007.56596705774,0
136903.26817308212,0.0,31,3,20,3,0,21,298639.79207474226,1
81936.36951290515,75000.0,56,0,4,8,100000,7,251909.490059168,0
76994.11271393237,40990.43954207783,30,0,8,7,200000,14,344868.6542227309,1
126283.94581501858,0.0,42,4,13,5,400000,14,361410.36410432094,0
150000.0,0.0,65,3,14,4,500000,17,123092.51366671064,1
138058.59826779456,0.0,49,3,15,4,500000,4,439894.3519698862,0
83830.13819191913,0.0,66,0,11,6,300000,4,130307.01159097385,1
120081.480772032,0.0,47,0,6,5,400000,17,80004.36498309103,0
20000.0,75000.0,25,3,16,5,400000,1,219029.32150045596,1
87944.36302337817,0.0,36,1,15,1,800000,16,113950.35469095182,0
20022.841993599824,75000.0,72,3,18,7,200000,20,0.0,1
77689.33128523633,75000.0,63,1,6,3,600000,28,71075.9903501519,0
92913.183617238,0.0,29,1,4,8,100000,7,148512.82001438798,1
33476.10509643328,32013.91472303762,45,3,12,4,500000,25,411609.841509136,0
43066.20640651007,75000.0,68,1,7,7,200000,21,373964.8257112914,1
87047.17709196806,0.0,49,1,19,3,600000,25,0.0,0
72928.2781917124,61543.943635101874,33,1,3,7,200000,30,142212.48762556844,1
128255.81154459773,0.0,40,3,1,7,200000,10,436300.62991685583,0
60906.24058705654,62034.541495094774,80,3,3,1,800000,19,423971.0168272256,1
20000.0,63542.12491700203,63,2,19,0,0,2,293649.0974308167,0
20000.0,75000.0,72,4,15,7,200000,27,210826.18743584686,1
107742.44388203349,0.0,39,4,4,2,700000,11,468208.6288982844,0
29447.90803363175,43157.96004600608,26,3,15,4,0,25,261477.04631631452,1
97170.39862310825,0.0,57,3,10,7,200000,11,202368.48955351714,0
118563.19519388124,0.0,74,0,20,3,600000,15,407222.98089280294,1
34881.025477509895,38206.25617431737,58,4,7,3,600000,19,32925.2678586188,0
75167.04065249945,0.0,25,0,5,4,0,15,162239.92188626956,1
31219.50846933049,28540.417252499927,50,3,17,6,300000,30,37687.22096392087,0
111047.47203185603,0.0,24,2,11,7,200000,14,403848.10159960296,1
33035.30721363259,61947.46085429356,54,2,2,2,0,16,114424.87733362538,0
91547.69568754887,0.0,73,3,1,8,100000,11,49873.315745044245,1
67416.5794631907,75000.0,64,0,7,2,0,27,314107.7464959451,0
